date,value,count,avg
2020-03-18,Confirmed Deaths,1,NA
2020-03-18,Probable Deaths,0,NA
2020-03-18,Total Deaths,1,0.14285714285714285
2020-03-18,Reported Deaths,1,0.14285714285714285
2020-03-19,Reported Deaths,0,0.14285714285714285
2020-03-20,Confirmed Deaths,2,NA
2020-03-20,Probable Deaths,0,NA
2020-03-20,Total Deaths,2,0.42857142857142855
2020-03-20,Reported Deaths,2,0.42857142857142855
2020-03-21,Reported Deaths,0,0.42857142857142855
2020-03-22,Confirmed Deaths,2,NA
2020-03-22,Probable Deaths,0,NA
2020-03-22,Total Deaths,2,0.7142857142857143
2020-03-22,Reported Deaths,0,0.42857142857142855
2020-03-23,Confirmed Deaths,2,NA
2020-03-23,Probable Deaths,0,NA
2020-03-23,Total Deaths,2,1
2020-03-23,Reported Deaths,1,0.5714285714285714
2020-03-24,Confirmed Deaths,3,NA
2020-03-24,Probable Deaths,0,NA
2020-03-24,Total Deaths,3,1.4285714285714286
2020-03-24,Reported Deaths,1,0.7142857142857143
2020-03-25,Confirmed Deaths,2,NA
2020-03-25,Probable Deaths,0,NA
2020-03-25,Total Deaths,2,1.7142857142857142
2020-03-25,Reported Deaths,3,1
2020-03-26,Confirmed Deaths,2,NA
2020-03-26,Probable Deaths,0,NA
2020-03-26,Total Deaths,2,2
2020-03-26,Reported Deaths,0,1
2020-03-27,Confirmed Deaths,1,NA
2020-03-27,Probable Deaths,0,NA
2020-03-27,Total Deaths,1,2
2020-03-27,Reported Deaths,1,0.8571428571428571
2020-03-28,Confirmed Deaths,5,NA
2020-03-28,Probable Deaths,0,NA
2020-03-28,Total Deaths,5,2.4285714285714284
2020-03-28,Reported Deaths,2,1.1428571428571428
2020-03-29,Confirmed Deaths,3,NA
2020-03-29,Probable Deaths,0,NA
2020-03-29,Total Deaths,3,2.5714285714285716
2020-03-29,Reported Deaths,1,1.2857142857142858
2020-03-30,Confirmed Deaths,3,NA
2020-03-30,Probable Deaths,2,NA
2020-03-30,Total Deaths,5,3
2020-03-30,Reported Deaths,1,1.2857142857142858
2020-03-31,Confirmed Deaths,5,NA
2020-03-31,Probable Deaths,0,NA
2020-03-31,Total Deaths,5,3.2857142857142856
2020-03-31,Reported Deaths,2,1.4285714285714286
2020-04-01,Confirmed Deaths,7,NA
2020-04-01,Probable Deaths,0,NA
2020-04-01,Total Deaths,7,4
2020-04-01,Reported Deaths,6,1.8571428571428572
2020-04-02,Confirmed Deaths,12,NA
2020-04-02,Probable Deaths,0,NA
2020-04-02,Total Deaths,12,5.428571428571429
2020-04-02,Reported Deaths,7,2.857142857142857
2020-04-03,Confirmed Deaths,13,NA
2020-04-03,Probable Deaths,0,NA
2020-04-03,Total Deaths,13,7.142857142857143
2020-04-03,Reported Deaths,8,3.857142857142857
2020-04-04,Confirmed Deaths,11,NA
2020-04-04,Probable Deaths,0,NA
2020-04-04,Total Deaths,11,8
2020-04-04,Reported Deaths,8,4.714285714285714
2020-04-05,Confirmed Deaths,12,NA
2020-04-05,Probable Deaths,2,NA
2020-04-05,Total Deaths,14,9.571428571428571
2020-04-05,Reported Deaths,8,5.714285714285714
2020-04-06,Confirmed Deaths,8,NA
2020-04-06,Probable Deaths,0,NA
2020-04-06,Total Deaths,8,10
2020-04-06,Reported Deaths,4,6.142857142857143
2020-04-07,Confirmed Deaths,13,NA
2020-04-07,Probable Deaths,1,NA
2020-04-07,Total Deaths,14,11.285714285714286
2020-04-07,Reported Deaths,24,9.285714285714286
2020-04-08,Confirmed Deaths,10,NA
2020-04-08,Probable Deaths,0,NA
2020-04-08,Total Deaths,10,11.714285714285714
2020-04-08,Reported Deaths,6,9.285714285714286
2020-04-09,Confirmed Deaths,23,NA
2020-04-09,Probable Deaths,0,NA
2020-04-09,Total Deaths,23,13.285714285714286
2020-04-09,Reported Deaths,8,9.428571428571429
2020-04-10,Confirmed Deaths,11,NA
2020-04-10,Probable Deaths,0,NA
2020-04-10,Total Deaths,11,13
2020-04-10,Reported Deaths,11,9.857142857142858
2020-04-11,Confirmed Deaths,18,NA
2020-04-11,Probable Deaths,0,NA
2020-04-11,Total Deaths,18,14
2020-04-11,Reported Deaths,11,10.285714285714286
2020-04-12,Confirmed Deaths,12,NA
2020-04-12,Probable Deaths,1,NA
2020-04-12,Total Deaths,13,13.857142857142858
2020-04-12,Reported Deaths,0,9.142857142857142
2020-04-13,Confirmed Deaths,9,NA
2020-04-13,Probable Deaths,1,NA
2020-04-13,Total Deaths,10,14.142857142857142
2020-04-13,Reported Deaths,20,11.428571428571429
2020-04-14,Confirmed Deaths,13,NA
2020-04-14,Probable Deaths,0,NA
2020-04-14,Total Deaths,13,14
2020-04-14,Reported Deaths,15,10.142857142857142
2020-04-15,Confirmed Deaths,18,NA
2020-04-15,Probable Deaths,0,NA
2020-04-15,Total Deaths,18,15.142857142857142
2020-04-15,Reported Deaths,13,11.142857142857142
2020-04-16,Confirmed Deaths,26,NA
2020-04-16,Probable Deaths,0,NA
2020-04-16,Total Deaths,26,15.571428571428571
2020-04-16,Reported Deaths,6,10.857142857142858
2020-04-17,Confirmed Deaths,10,NA
2020-04-17,Probable Deaths,0,NA
2020-04-17,Total Deaths,10,15.428571428571429
2020-04-17,Reported Deaths,14,11.285714285714286
2020-04-18,Confirmed Deaths,8,NA
2020-04-18,Probable Deaths,0,NA
2020-04-18,Total Deaths,8,14
2020-04-18,Reported Deaths,10,11.142857142857142
2020-04-19,Confirmed Deaths,11,NA
2020-04-19,Probable Deaths,0,NA
2020-04-19,Total Deaths,11,13.714285714285714
2020-04-19,Reported Deaths,2,11.428571428571429
2020-04-20,Confirmed Deaths,22,NA
2020-04-20,Probable Deaths,1,NA
2020-04-20,Total Deaths,23,15.571428571428571
2020-04-20,Reported Deaths,5,9.285714285714286
2020-04-21,Confirmed Deaths,21,NA
2020-04-21,Probable Deaths,1,NA
2020-04-21,Total Deaths,22,16.857142857142858
2020-04-21,Reported Deaths,20,10
2020-04-22,Confirmed Deaths,15,NA
2020-04-22,Probable Deaths,1,NA
2020-04-22,Total Deaths,16,16.571428571428573
2020-04-22,Reported Deaths,15,10.285714285714286
2020-04-23,Confirmed Deaths,19,NA
2020-04-23,Probable Deaths,0,NA
2020-04-23,Total Deaths,19,15.571428571428571
2020-04-23,Reported Deaths,12,11.142857142857142
2020-04-24,Confirmed Deaths,30,NA
2020-04-24,Probable Deaths,0,NA
2020-04-24,Total Deaths,30,18.428571428571427
2020-04-24,Reported Deaths,19,11.857142857142858
2020-04-25,Confirmed Deaths,14,NA
2020-04-25,Probable Deaths,1,NA
2020-04-25,Total Deaths,15,19.428571428571427
2020-04-25,Reported Deaths,13,12.285714285714286
2020-04-26,Confirmed Deaths,21,NA
2020-04-26,Probable Deaths,0,NA
2020-04-26,Total Deaths,21,20.857142857142858
2020-04-26,Reported Deaths,2,12.285714285714286
2020-04-27,Confirmed Deaths,15,NA
2020-04-27,Probable Deaths,0,NA
2020-04-27,Total Deaths,15,19.714285714285715
2020-04-27,Reported Deaths,14,13.571428571428571
2020-04-28,Confirmed Deaths,16,NA
2020-04-28,Probable Deaths,2,NA
2020-04-28,Total Deaths,18,19.142857142857142
2020-04-28,Reported Deaths,28,14.714285714285714
2020-04-29,Confirmed Deaths,15,NA
2020-04-29,Probable Deaths,2,NA
2020-04-29,Total Deaths,17,19.285714285714285
2020-04-29,Reported Deaths,7,13.571428571428571
2020-04-30,Confirmed Deaths,16,NA
2020-04-30,Probable Deaths,0,NA
2020-04-30,Total Deaths,16,18.857142857142858
2020-04-30,Reported Deaths,10,13.285714285714286
2020-05-01,Confirmed Deaths,16,NA
2020-05-01,Probable Deaths,0,NA
2020-05-01,Total Deaths,16,16.857142857142858
2020-05-01,Reported Deaths,14,12.571428571428571
2020-05-02,Confirmed Deaths,18,NA
2020-05-02,Probable Deaths,1,NA
2020-05-02,Total Deaths,19,17.428571428571427
2020-05-02,Reported Deaths,18,13.285714285714286
2020-05-03,Confirmed Deaths,15,NA
2020-05-03,Probable Deaths,0,NA
2020-05-03,Total Deaths,15,16.571428571428573
2020-05-03,Reported Deaths,5,13.714285714285714
2020-05-04,Confirmed Deaths,11,NA
2020-05-04,Probable Deaths,1,NA
2020-05-04,Total Deaths,12,16.142857142857142
2020-05-04,Reported Deaths,9,13
2020-05-05,Confirmed Deaths,22,NA
2020-05-05,Probable Deaths,0,NA
2020-05-05,Total Deaths,22,16.714285714285715
2020-05-05,Reported Deaths,21,12
2020-05-06,Confirmed Deaths,21,NA
2020-05-06,Probable Deaths,1,NA
2020-05-06,Total Deaths,22,17.428571428571427
2020-05-06,Reported Deaths,21,14
2020-05-07,Confirmed Deaths,26,NA
2020-05-07,Probable Deaths,0,NA
2020-05-07,Total Deaths,26,18.857142857142858
2020-05-07,Reported Deaths,20,15.428571428571429
2020-05-08,Confirmed Deaths,18,NA
2020-05-08,Probable Deaths,2,NA
2020-05-08,Total Deaths,20,19.428571428571427
2020-05-08,Reported Deaths,32,18
2020-05-09,Confirmed Deaths,17,NA
2020-05-09,Probable Deaths,0,NA
2020-05-09,Total Deaths,17,19.142857142857142
2020-05-09,Reported Deaths,11,17
2020-05-10,Confirmed Deaths,12,NA
2020-05-10,Probable Deaths,0,NA
2020-05-10,Total Deaths,12,18.714285714285715
2020-05-10,Reported Deaths,10,17.714285714285715
2020-05-11,Confirmed Deaths,10,NA
2020-05-11,Probable Deaths,0,NA
2020-05-11,Total Deaths,10,18.428571428571427
2020-05-11,Reported Deaths,10,17.857142857142858
2020-05-12,Confirmed Deaths,12,NA
2020-05-12,Probable Deaths,0,NA
2020-05-12,Total Deaths,12,17
2020-05-12,Reported Deaths,16,17.142857142857142
2020-05-13,Confirmed Deaths,20,NA
2020-05-13,Probable Deaths,0,NA
2020-05-13,Total Deaths,20,16.714285714285715
2020-05-13,Reported Deaths,20,17
2020-05-14,Confirmed Deaths,14,NA
2020-05-14,Probable Deaths,0,NA
2020-05-14,Total Deaths,14,15
2020-05-14,Reported Deaths,16,16.428571428571427
2020-05-15,Confirmed Deaths,18,NA
2020-05-15,Probable Deaths,1,NA
2020-05-15,Total Deaths,19,14.857142857142858
2020-05-15,Reported Deaths,15,14
2020-05-16,Confirmed Deaths,15,NA
2020-05-16,Probable Deaths,0,NA
2020-05-16,Total Deaths,15,14.571428571428571
2020-05-16,Reported Deaths,14,14.428571428571429
2020-05-17,Confirmed Deaths,9,NA
2020-05-17,Probable Deaths,0,NA
2020-05-17,Total Deaths,9,14.142857142857142
2020-05-17,Reported Deaths,8,14.142857142857142
2020-05-18,Confirmed Deaths,16,NA
2020-05-18,Probable Deaths,0,NA
2020-05-18,Total Deaths,16,15
2020-05-18,Reported Deaths,8,13.857142857142858
2020-05-19,Confirmed Deaths,15,NA
2020-05-19,Probable Deaths,0,NA
2020-05-19,Total Deaths,15,15.428571428571429
2020-05-19,Reported Deaths,22,14.714285714285714
2020-05-20,Confirmed Deaths,10,NA
2020-05-20,Probable Deaths,0,NA
2020-05-20,Total Deaths,10,14
2020-05-20,Reported Deaths,12,13.571428571428571
2020-05-21,Confirmed Deaths,11,NA
2020-05-21,Probable Deaths,0,NA
2020-05-21,Total Deaths,11,13.571428571428571
2020-05-21,Reported Deaths,27,15.142857142857142
2020-05-22,Confirmed Deaths,9,NA
2020-05-22,Probable Deaths,0,NA
2020-05-22,Total Deaths,9,12.142857142857142
2020-05-22,Reported Deaths,10,14.428571428571429
2020-05-23,Confirmed Deaths,14,NA
2020-05-23,Probable Deaths,1,NA
2020-05-23,Total Deaths,15,12.142857142857142
2020-05-23,Reported Deaths,5,13.142857142857142
2020-05-24,Confirmed Deaths,5,NA
2020-05-24,Probable Deaths,0,NA
2020-05-24,Total Deaths,5,11.571428571428571
2020-05-24,Reported Deaths,4,12.571428571428571
2020-05-25,Confirmed Deaths,7,NA
2020-05-25,Probable Deaths,0,NA
2020-05-25,Total Deaths,7,10.285714285714286
2020-05-25,Reported Deaths,5,12.142857142857142
2020-05-26,Confirmed Deaths,11,NA
2020-05-26,Probable Deaths,0,NA
2020-05-26,Total Deaths,11,9.714285714285714
2020-05-26,Reported Deaths,4,9.571428571428571
2020-05-27,Confirmed Deaths,8,NA
2020-05-27,Probable Deaths,1,NA
2020-05-27,Total Deaths,9,9.571428571428571
2020-05-27,Reported Deaths,7,8.857142857142858
2020-05-28,Confirmed Deaths,11,NA
2020-05-28,Probable Deaths,0,NA
2020-05-28,Total Deaths,11,9.571428571428571
2020-05-28,Reported Deaths,10,6.428571428571429
2020-05-29,Confirmed Deaths,9,NA
2020-05-29,Probable Deaths,0,NA
2020-05-29,Total Deaths,9,9.571428571428571
2020-05-29,Reported Deaths,25,8.571428571428571
2020-05-30,Confirmed Deaths,6,NA
2020-05-30,Probable Deaths,1,NA
2020-05-30,Total Deaths,7,8.428571428571429
2020-05-30,Reported Deaths,42,13.857142857142858
2020-05-31,Confirmed Deaths,12,NA
2020-05-31,Probable Deaths,0,NA
2020-05-31,Total Deaths,12,9.428571428571429
2020-05-31,Reported Deaths,2,13.571428571428571
2020-06-01,Confirmed Deaths,11,NA
2020-06-01,Probable Deaths,0,NA
2020-06-01,Total Deaths,11,10
2020-06-01,Reported Deaths,2,13.142857142857142
2020-06-02,Confirmed Deaths,4,NA
2020-06-02,Probable Deaths,0,NA
2020-06-02,Total Deaths,4,9
2020-06-02,Reported Deaths,11,14.142857142857142
2020-06-03,Confirmed Deaths,7,NA
2020-06-03,Probable Deaths,0,NA
2020-06-03,Total Deaths,7,8.714285714285714
2020-06-03,Reported Deaths,4,13.714285714285714
2020-06-04,Confirmed Deaths,5,NA
2020-06-04,Probable Deaths,0,NA
2020-06-04,Total Deaths,5,7.857142857142857
2020-06-04,Reported Deaths,5,13
2020-06-05,Confirmed Deaths,8,NA
2020-06-05,Probable Deaths,0,NA
2020-06-05,Total Deaths,8,7.714285714285714
2020-06-05,Reported Deaths,10,10.857142857142858
2020-06-06,Confirmed Deaths,10,NA
2020-06-06,Probable Deaths,0,NA
2020-06-06,Total Deaths,10,8.142857142857142
2020-06-06,Reported Deaths,7,5.857142857142857
2020-06-07,Confirmed Deaths,11,NA
2020-06-07,Probable Deaths,0,NA
2020-06-07,Total Deaths,11,8
2020-06-07,Reported Deaths,0,5.571428571428571
2020-06-08,Confirmed Deaths,4,NA
2020-06-08,Probable Deaths,0,NA
2020-06-08,Total Deaths,4,7
2020-06-08,Reported Deaths,9,6.571428571428571
2020-06-09,Confirmed Deaths,6,NA
2020-06-09,Probable Deaths,0,NA
2020-06-09,Total Deaths,6,7.285714285714286
2020-06-09,Reported Deaths,22,8.142857142857142
2020-06-10,Confirmed Deaths,6,NA
2020-06-10,Probable Deaths,1,NA
2020-06-10,Total Deaths,7,7.285714285714286
2020-06-10,Reported Deaths,7,8.571428571428571
2020-06-11,Confirmed Deaths,9,NA
2020-06-11,Probable Deaths,0,NA
2020-06-11,Total Deaths,9,7.857142857142857
2020-06-11,Reported Deaths,12,9.571428571428571
2020-06-12,Confirmed Deaths,5,NA
2020-06-12,Probable Deaths,0,NA
2020-06-12,Total Deaths,5,7.428571428571429
2020-06-12,Reported Deaths,11,9.714285714285714
2020-06-13,Confirmed Deaths,7,NA
2020-06-13,Probable Deaths,0,NA
2020-06-13,Total Deaths,7,7
2020-06-13,Reported Deaths,6,9.571428571428571
2020-06-14,Confirmed Deaths,9,NA
2020-06-14,Probable Deaths,1,NA
2020-06-14,Total Deaths,10,6.857142857142857
2020-06-14,Reported Deaths,0,9.571428571428571
2020-06-15,Confirmed Deaths,7,NA
2020-06-15,Probable Deaths,0,NA
2020-06-15,Total Deaths,7,7.285714285714286
2020-06-15,Reported Deaths,5,9
2020-06-16,Confirmed Deaths,9,NA
2020-06-16,Probable Deaths,0,NA
2020-06-16,Total Deaths,9,7.714285714285714
2020-06-16,Reported Deaths,8,7
2020-06-17,Confirmed Deaths,5,NA
2020-06-17,Probable Deaths,1,NA
2020-06-17,Total Deaths,6,7.571428571428571
2020-06-17,Reported Deaths,21,9
2020-06-18,Confirmed Deaths,5,NA
2020-06-18,Probable Deaths,0,NA
2020-06-18,Total Deaths,5,7
2020-06-18,Reported Deaths,39,12.857142857142858
2020-06-19,Confirmed Deaths,6,NA
2020-06-19,Probable Deaths,0,NA
2020-06-19,Total Deaths,6,7.142857142857143
2020-06-19,Reported Deaths,10,12.714285714285714
2020-06-20,Confirmed Deaths,13,NA
2020-06-20,Probable Deaths,0,NA
2020-06-20,Total Deaths,13,8
2020-06-20,Reported Deaths,2,12.142857142857142
2020-06-21,Confirmed Deaths,3,NA
2020-06-21,Probable Deaths,1,NA
2020-06-21,Total Deaths,4,7.142857142857143
2020-06-21,Reported Deaths,0,12.142857142857142
2020-06-22,Confirmed Deaths,7,NA
2020-06-22,Probable Deaths,0,NA
2020-06-22,Total Deaths,7,7.142857142857143
2020-06-22,Reported Deaths,5,12.142857142857142
2020-06-23,Confirmed Deaths,8,NA
2020-06-23,Probable Deaths,0,NA
2020-06-23,Total Deaths,8,7
2020-06-23,Reported Deaths,13,12.857142857142858
2020-06-24,Confirmed Deaths,9,NA
2020-06-24,Probable Deaths,0,NA
2020-06-24,Total Deaths,9,7.428571428571429
2020-06-24,Reported Deaths,8,11
2020-06-25,Confirmed Deaths,7,NA
2020-06-25,Probable Deaths,1,NA
2020-06-25,Total Deaths,8,7.857142857142857
2020-06-25,Reported Deaths,5,6.142857142857143
2020-06-26,Confirmed Deaths,7,NA
2020-06-26,Probable Deaths,0,NA
2020-06-26,Total Deaths,7,8
2020-06-26,Reported Deaths,13,6.571428571428571
2020-06-27,Confirmed Deaths,7,NA
2020-06-27,Probable Deaths,0,NA
2020-06-27,Total Deaths,7,7.142857142857143
2020-06-27,Reported Deaths,2,6.571428571428571
2020-06-28,Confirmed Deaths,11,NA
2020-06-28,Probable Deaths,0,NA
2020-06-28,Total Deaths,11,8.142857142857142
2020-06-28,Reported Deaths,2,6.857142857142857
2020-06-29,Confirmed Deaths,3,NA
2020-06-29,Probable Deaths,0,NA
2020-06-29,Total Deaths,3,7.571428571428571
2020-06-29,Reported Deaths,3,6.571428571428571
2020-06-30,Confirmed Deaths,7,NA
2020-06-30,Probable Deaths,0,NA
2020-06-30,Total Deaths,7,7.428571428571429
2020-06-30,Reported Deaths,11,6.285714285714286
2020-07-01,Confirmed Deaths,3,NA
2020-07-01,Probable Deaths,0,NA
2020-07-01,Total Deaths,3,6.571428571428571
2020-07-01,Reported Deaths,12,6.857142857142857
2020-07-02,Confirmed Deaths,5,NA
2020-07-02,Probable Deaths,0,NA
2020-07-02,Total Deaths,5,6.142857142857143
2020-07-02,Reported Deaths,7,7.142857142857143
2020-07-03,Confirmed Deaths,9,NA
2020-07-03,Probable Deaths,1,NA
2020-07-03,Total Deaths,10,6.571428571428571
2020-07-03,Reported Deaths,4,5.857142857142857
2020-07-04,Confirmed Deaths,5,NA
2020-07-04,Probable Deaths,0,NA
2020-07-04,Total Deaths,5,6.285714285714286
2020-07-04,Reported Deaths,2,5.857142857142857
2020-07-05,Confirmed Deaths,7,NA
2020-07-05,Probable Deaths,1,NA
2020-07-05,Total Deaths,8,5.857142857142857
2020-07-05,Reported Deaths,0,5.571428571428571
2020-07-06,Confirmed Deaths,11,NA
2020-07-06,Probable Deaths,1,NA
2020-07-06,Total Deaths,12,7.142857142857143
2020-07-06,Reported Deaths,6,6
2020-07-07,Confirmed Deaths,5,NA
2020-07-07,Probable Deaths,0,NA
2020-07-07,Total Deaths,5,6.857142857142857
2020-07-07,Reported Deaths,15,6.571428571428571
2020-07-08,Confirmed Deaths,5,NA
2020-07-08,Probable Deaths,0,NA
2020-07-08,Total Deaths,5,7.142857142857143
2020-07-08,Reported Deaths,6,5.714285714285714
2020-07-09,Confirmed Deaths,8,NA
2020-07-09,Probable Deaths,0,NA
2020-07-09,Total Deaths,8,7.571428571428571
2020-07-09,Reported Deaths,6,5.571428571428571
2020-07-10,Confirmed Deaths,5,NA
2020-07-10,Probable Deaths,0,NA
2020-07-10,Total Deaths,5,6.857142857142857
2020-07-10,Reported Deaths,12,6.714285714285714
2020-07-11,Confirmed Deaths,3,NA
2020-07-11,Probable Deaths,0,NA
2020-07-11,Total Deaths,3,6.571428571428571
2020-07-11,Reported Deaths,5,7.142857142857143
2020-07-12,Confirmed Deaths,6,NA
2020-07-12,Probable Deaths,1,NA
2020-07-12,Total Deaths,7,6.428571428571429
2020-07-12,Reported Deaths,1,7.285714285714286
2020-07-13,Confirmed Deaths,9,NA
2020-07-13,Probable Deaths,0,NA
2020-07-13,Total Deaths,9,6
2020-07-13,Reported Deaths,13,8.285714285714286
2020-07-14,Confirmed Deaths,11,NA
2020-07-14,Probable Deaths,0,NA
2020-07-14,Total Deaths,11,6.857142857142857
2020-07-14,Reported Deaths,10,7.571428571428571
2020-07-15,Confirmed Deaths,8,NA
2020-07-15,Probable Deaths,1,NA
2020-07-15,Total Deaths,9,7.428571428571429
2020-07-15,Reported Deaths,5,7.428571428571429
2020-07-16,Confirmed Deaths,7,NA
2020-07-16,Probable Deaths,0,NA
2020-07-16,Total Deaths,7,7.285714285714286
2020-07-16,Reported Deaths,4,7.142857142857143
2020-07-17,Confirmed Deaths,7,NA
2020-07-17,Probable Deaths,1,NA
2020-07-17,Total Deaths,8,7.714285714285714
2020-07-17,Reported Deaths,6,6.285714285714286
2020-07-18,Confirmed Deaths,6,NA
2020-07-18,Probable Deaths,1,NA
2020-07-18,Total Deaths,7,8.285714285714286
2020-07-18,Reported Deaths,7,6.571428571428571
2020-07-19,Confirmed Deaths,14,NA
2020-07-19,Probable Deaths,1,NA
2020-07-19,Total Deaths,15,9.428571428571429
2020-07-19,Reported Deaths,0,6.428571428571429
2020-07-20,Confirmed Deaths,13,NA
2020-07-20,Probable Deaths,0,NA
2020-07-20,Total Deaths,13,10
2020-07-20,Reported Deaths,6,5.428571428571429
2020-07-21,Confirmed Deaths,15,NA
2020-07-21,Probable Deaths,0,NA
2020-07-21,Total Deaths,15,10.571428571428571
2020-07-21,Reported Deaths,11,5.571428571428571
2020-07-22,Confirmed Deaths,10,NA
2020-07-22,Probable Deaths,1,NA
2020-07-22,Total Deaths,11,10.857142857142858
2020-07-22,Reported Deaths,21,7.857142857142857
2020-07-23,Confirmed Deaths,14,NA
2020-07-23,Probable Deaths,1,NA
2020-07-23,Total Deaths,15,12
2020-07-23,Reported Deaths,16,9.571428571428571
2020-07-24,Confirmed Deaths,15,NA
2020-07-24,Probable Deaths,0,NA
2020-07-24,Total Deaths,15,13
2020-07-24,Reported Deaths,9,10
2020-07-25,Confirmed Deaths,10,NA
2020-07-25,Probable Deaths,0,NA
2020-07-25,Total Deaths,10,13.428571428571429
2020-07-25,Reported Deaths,3,9.428571428571429
2020-07-26,Confirmed Deaths,5,NA
2020-07-26,Probable Deaths,0,NA
2020-07-26,Total Deaths,5,12
2020-07-26,Reported Deaths,7,10.428571428571429
2020-07-27,Confirmed Deaths,9,NA
2020-07-27,Probable Deaths,2,NA
2020-07-27,Total Deaths,11,11.714285714285714
2020-07-27,Reported Deaths,14,11.571428571428571
2020-07-28,Confirmed Deaths,9,NA
2020-07-28,Probable Deaths,0,NA
2020-07-28,Total Deaths,9,10.857142857142858
2020-07-28,Reported Deaths,18,12.571428571428571
2020-07-29,Confirmed Deaths,18,NA
2020-07-29,Probable Deaths,0,NA
2020-07-29,Total Deaths,18,11.857142857142858
2020-07-29,Reported Deaths,6,10.428571428571429
2020-07-30,Confirmed Deaths,21,NA
2020-07-30,Probable Deaths,1,NA
2020-07-30,Total Deaths,22,12.857142857142858
2020-07-30,Reported Deaths,19,10.857142857142858
2020-07-31,Confirmed Deaths,14,NA
2020-07-31,Probable Deaths,0,NA
2020-07-31,Total Deaths,14,12.714285714285714
2020-07-31,Reported Deaths,17,12
2020-08-01,Confirmed Deaths,11,NA
2020-08-01,Probable Deaths,0,NA
2020-08-01,Total Deaths,11,12.857142857142858
2020-08-01,Reported Deaths,6,12.428571428571429
2020-08-02,Confirmed Deaths,6,NA
2020-08-02,Probable Deaths,0,NA
2020-08-02,Total Deaths,6,13
2020-08-02,Reported Deaths,0,11.428571428571429
2020-08-03,Confirmed Deaths,17,NA
2020-08-03,Probable Deaths,1,NA
2020-08-03,Total Deaths,18,14
2020-08-03,Reported Deaths,5,10.142857142857142
2020-08-04,Confirmed Deaths,21,NA
2020-08-04,Probable Deaths,0,NA
2020-08-04,Total Deaths,21,15.714285714285714
2020-08-04,Reported Deaths,14,9.571428571428571
2020-08-05,Confirmed Deaths,17,NA
2020-08-05,Probable Deaths,1,NA
2020-08-05,Total Deaths,18,15.714285714285714
2020-08-05,Reported Deaths,7,9.714285714285714
2020-08-06,Confirmed Deaths,20,NA
2020-08-06,Probable Deaths,0,NA
2020-08-06,Total Deaths,20,15.428571428571429
2020-08-06,Reported Deaths,12,8.714285714285714
2020-08-07,Confirmed Deaths,12,NA
2020-08-07,Probable Deaths,0,NA
2020-08-07,Total Deaths,12,15.142857142857142
2020-08-07,Reported Deaths,25,9.857142857142858
2020-08-08,Confirmed Deaths,9,NA
2020-08-08,Probable Deaths,2,NA
2020-08-08,Total Deaths,11,15.142857142857142
2020-08-08,Reported Deaths,7,10
2020-08-09,Confirmed Deaths,15,NA
2020-08-09,Probable Deaths,2,NA
2020-08-09,Total Deaths,17,16.714285714285715
2020-08-09,Reported Deaths,5,10.714285714285714
2020-08-10,Confirmed Deaths,12,NA
2020-08-10,Probable Deaths,2,NA
2020-08-10,Total Deaths,14,16.142857142857142
2020-08-10,Reported Deaths,11,11.571428571428571
2020-08-11,Confirmed Deaths,13,NA
2020-08-11,Probable Deaths,1,NA
2020-08-11,Total Deaths,14,15.142857142857142
2020-08-11,Reported Deaths,5,10.285714285714286
2020-08-12,Confirmed Deaths,11,NA
2020-08-12,Probable Deaths,0,NA
2020-08-12,Total Deaths,11,14.142857142857142
2020-08-12,Reported Deaths,6,10.142857142857142
2020-08-13,Confirmed Deaths,26,NA
2020-08-13,Probable Deaths,1,NA
2020-08-13,Total Deaths,27,15.142857142857142
2020-08-13,Reported Deaths,9,9.714285714285714
2020-08-14,Confirmed Deaths,18,NA
2020-08-14,Probable Deaths,0,NA
2020-08-14,Total Deaths,18,16
2020-08-14,Reported Deaths,8,7.285714285714286
2020-08-15,Confirmed Deaths,18,NA
2020-08-15,Probable Deaths,1,NA
2020-08-15,Total Deaths,19,17.142857142857142
2020-08-15,Reported Deaths,6,7.142857142857143
2020-08-16,Confirmed Deaths,13,NA
2020-08-16,Probable Deaths,0,NA
2020-08-16,Total Deaths,13,16.571428571428573
2020-08-16,Reported Deaths,5,7.142857142857143
2020-08-17,Confirmed Deaths,14,NA
2020-08-17,Probable Deaths,2,NA
2020-08-17,Total Deaths,16,16.857142857142858
2020-08-17,Reported Deaths,32,10.142857142857142
2020-08-18,Confirmed Deaths,13,NA
2020-08-18,Probable Deaths,3,NA
2020-08-18,Total Deaths,16,17.142857142857142
2020-08-18,Reported Deaths,9,10.714285714285714
2020-08-19,Confirmed Deaths,15,NA
2020-08-19,Probable Deaths,1,NA
2020-08-19,Total Deaths,16,17.857142857142858
2020-08-19,Reported Deaths,13,11.714285714285714
2020-08-20,Confirmed Deaths,14,NA
2020-08-20,Probable Deaths,2,NA
2020-08-20,Total Deaths,16,16.285714285714285
2020-08-20,Reported Deaths,18,13
2020-08-21,Confirmed Deaths,15,NA
2020-08-21,Probable Deaths,1,NA
2020-08-21,Total Deaths,16,16
2020-08-21,Reported Deaths,3,12.285714285714286
2020-08-22,Confirmed Deaths,23,NA
2020-08-22,Probable Deaths,3,NA
2020-08-22,Total Deaths,26,17
2020-08-22,Reported Deaths,8,12.571428571428571
2020-08-23,Confirmed Deaths,13,NA
2020-08-23,Probable Deaths,2,NA
2020-08-23,Total Deaths,15,17.285714285714285
2020-08-23,Reported Deaths,0,11.857142857142858
2020-08-24,Confirmed Deaths,21,NA
2020-08-24,Probable Deaths,3,NA
2020-08-24,Total Deaths,24,18.428571428571427
2020-08-24,Reported Deaths,14,9.285714285714286
2020-08-25,Confirmed Deaths,15,NA
2020-08-25,Probable Deaths,2,NA
2020-08-25,Total Deaths,17,18.571428571428573
2020-08-25,Reported Deaths,20,10.857142857142858
2020-08-26,Confirmed Deaths,25,NA
2020-08-26,Probable Deaths,2,NA
2020-08-26,Total Deaths,27,20.142857142857142
2020-08-26,Reported Deaths,13,10.857142857142858
2020-08-27,Confirmed Deaths,11,NA
2020-08-27,Probable Deaths,1,NA
2020-08-27,Total Deaths,12,19.571428571428573
2020-08-27,Reported Deaths,17,10.714285714285714
2020-08-28,Confirmed Deaths,19,NA
2020-08-28,Probable Deaths,0,NA
2020-08-28,Total Deaths,19,20
2020-08-28,Reported Deaths,16,12.571428571428571
2020-08-29,Confirmed Deaths,15,NA
2020-08-29,Probable Deaths,0,NA
2020-08-29,Total Deaths,15,18.428571428571427
2020-08-29,Reported Deaths,14,13.428571428571429
2020-08-30,Confirmed Deaths,14,NA
2020-08-30,Probable Deaths,0,NA
2020-08-30,Total Deaths,14,18.285714285714285
2020-08-30,Reported Deaths,2,13.714285714285714
2020-08-31,Confirmed Deaths,23,NA
2020-08-31,Probable Deaths,3,NA
2020-08-31,Total Deaths,26,18.571428571428573
2020-08-31,Reported Deaths,8,12.857142857142858
2020-09-01,Confirmed Deaths,24,NA
2020-09-01,Probable Deaths,1,NA
2020-09-01,Total Deaths,25,19.714285714285715
2020-09-01,Reported Deaths,28,14
2020-09-02,Confirmed Deaths,14,NA
2020-09-02,Probable Deaths,1,NA
2020-09-02,Total Deaths,15,18
2020-09-02,Reported Deaths,18,14.714285714285714
2020-09-03,Confirmed Deaths,11,NA
2020-09-03,Probable Deaths,2,NA
2020-09-03,Total Deaths,13,18.142857142857142
2020-09-03,Reported Deaths,11,13.857142857142858
2020-09-04,Confirmed Deaths,19,NA
2020-09-04,Probable Deaths,2,NA
2020-09-04,Total Deaths,21,18.428571428571427
2020-09-04,Reported Deaths,18,14.142857142857142
2020-09-05,Confirmed Deaths,9,NA
2020-09-05,Probable Deaths,1,NA
2020-09-05,Total Deaths,10,17.714285714285715
2020-09-05,Reported Deaths,30,16.428571428571427
2020-09-06,Confirmed Deaths,18,NA
2020-09-06,Probable Deaths,0,NA
2020-09-06,Total Deaths,18,18.285714285714285
2020-09-06,Reported Deaths,11,17.714285714285715
2020-09-07,Confirmed Deaths,26,NA
2020-09-07,Probable Deaths,3,NA
2020-09-07,Total Deaths,29,18.714285714285715
2020-09-07,Reported Deaths,0,16.571428571428573
2020-09-08,Confirmed Deaths,19,NA
2020-09-08,Probable Deaths,2,NA
2020-09-08,Total Deaths,21,18.142857142857142
2020-09-08,Reported Deaths,7,13.571428571428571
2020-09-09,Confirmed Deaths,21,NA
2020-09-09,Probable Deaths,1,NA
2020-09-09,Total Deaths,22,19.142857142857142
2020-09-09,Reported Deaths,9,12.285714285714286
2020-09-10,Confirmed Deaths,26,NA
2020-09-10,Probable Deaths,1,NA
2020-09-10,Total Deaths,27,21.142857142857142
2020-09-10,Reported Deaths,18,13.285714285714286
2020-09-11,Confirmed Deaths,21,NA
2020-09-11,Probable Deaths,0,NA
2020-09-11,Total Deaths,21,21.142857142857142
2020-09-11,Reported Deaths,11,12.285714285714286
2020-09-12,Confirmed Deaths,26,NA
2020-09-12,Probable Deaths,1,NA
2020-09-12,Total Deaths,27,23.571428571428573
2020-09-12,Reported Deaths,18,10.571428571428571
2020-09-13,Confirmed Deaths,19,NA
2020-09-13,Probable Deaths,1,NA
2020-09-13,Total Deaths,20,23.857142857142858
2020-09-13,Reported Deaths,10,10.428571428571429
2020-09-14,Confirmed Deaths,20,NA
2020-09-14,Probable Deaths,2,NA
2020-09-14,Total Deaths,22,22.857142857142858
2020-09-14,Reported Deaths,0,10.428571428571429
2020-09-15,Confirmed Deaths,18,NA
2020-09-15,Probable Deaths,1,NA
2020-09-15,Total Deaths,19,22.571428571428573
2020-09-15,Reported Deaths,18,12
2020-09-16,Confirmed Deaths,23,NA
2020-09-16,Probable Deaths,2,NA
2020-09-16,Total Deaths,25,23
2020-09-16,Reported Deaths,14,12.714285714285714
2020-09-17,Confirmed Deaths,14,NA
2020-09-17,Probable Deaths,0,NA
2020-09-17,Total Deaths,14,21.142857142857142
2020-09-17,Reported Deaths,20,13
2020-09-18,Confirmed Deaths,15,NA
2020-09-18,Probable Deaths,3,NA
2020-09-18,Total Deaths,18,20.714285714285715
2020-09-18,Reported Deaths,28,15.428571428571429
2020-09-19,Confirmed Deaths,24,NA
2020-09-19,Probable Deaths,4,NA
2020-09-19,Total Deaths,28,20.857142857142858
2020-09-19,Reported Deaths,13,14.714285714285714
2020-09-20,Confirmed Deaths,31,NA
2020-09-20,Probable Deaths,3,NA
2020-09-20,Total Deaths,34,22.857142857142858
2020-09-20,Reported Deaths,-9,12
2020-09-21,Confirmed Deaths,17,NA
2020-09-21,Probable Deaths,1,NA
2020-09-21,Total Deaths,18,22.285714285714285
2020-09-21,Reported Deaths,40,17.714285714285715
2020-09-22,Confirmed Deaths,20,NA
2020-09-22,Probable Deaths,5,NA
2020-09-22,Total Deaths,25,23.142857142857142
2020-09-22,Reported Deaths,38,20.571428571428573
2020-09-23,Confirmed Deaths,27,NA
2020-09-23,Probable Deaths,2,NA
2020-09-23,Total Deaths,29,23.714285714285715
2020-09-23,Reported Deaths,61,27.285714285714285
2020-09-24,Confirmed Deaths,24,NA
2020-09-24,Probable Deaths,3,NA
2020-09-24,Total Deaths,27,25.571428571428573
2020-09-24,Reported Deaths,20,27.285714285714285
2020-09-25,Confirmed Deaths,26,NA
2020-09-25,Probable Deaths,1,NA
2020-09-25,Total Deaths,27,26.857142857142858
2020-09-25,Reported Deaths,20,26.142857142857142
2020-09-26,Confirmed Deaths,23,NA
2020-09-26,Probable Deaths,2,NA
2020-09-26,Total Deaths,25,26.428571428571427
2020-09-26,Reported Deaths,43,30.428571428571427
2020-09-27,Confirmed Deaths,32,NA
2020-09-27,Probable Deaths,5,NA
2020-09-27,Total Deaths,37,26.857142857142858
2020-09-27,Reported Deaths,-1,31.571428571428573
2020-09-28,Confirmed Deaths,23,NA
2020-09-28,Probable Deaths,5,NA
2020-09-28,Total Deaths,28,28.285714285714285
2020-09-28,Reported Deaths,15,28
2020-09-29,Confirmed Deaths,39,NA
2020-09-29,Probable Deaths,5,NA
2020-09-29,Total Deaths,44,31
2020-09-29,Reported Deaths,16,24.857142857142858
2020-09-30,Confirmed Deaths,24,NA
2020-09-30,Probable Deaths,2,NA
2020-09-30,Total Deaths,26,30.571428571428573
2020-09-30,Reported Deaths,9,17.428571428571427
2020-10-01,Confirmed Deaths,43,NA
2020-10-01,Probable Deaths,4,NA
2020-10-01,Total Deaths,47,33.42857142857143
2020-10-01,Reported Deaths,27,18.428571428571427
2020-10-02,Confirmed Deaths,31,NA
2020-10-02,Probable Deaths,3,NA
2020-10-02,Total Deaths,34,34.42857142857143
2020-10-02,Reported Deaths,23,18.857142857142858
2020-10-03,Confirmed Deaths,24,NA
2020-10-03,Probable Deaths,4,NA
2020-10-03,Total Deaths,28,34.857142857142854
2020-10-03,Reported Deaths,13,14.571428571428571
2020-10-04,Confirmed Deaths,27,NA
2020-10-04,Probable Deaths,3,NA
2020-10-04,Total Deaths,30,33.857142857142854
2020-10-04,Reported Deaths,0,14.714285714285714
2020-10-05,Confirmed Deaths,21,NA
2020-10-05,Probable Deaths,11,NA
2020-10-05,Total Deaths,32,34.42857142857143
2020-10-05,Reported Deaths,9,13.857142857142858
2020-10-06,Confirmed Deaths,31,NA
2020-10-06,Probable Deaths,3,NA
2020-10-06,Total Deaths,34,33
2020-10-06,Reported Deaths,29,15.714285714285714
2020-10-07,Confirmed Deaths,33,NA
2020-10-07,Probable Deaths,3,NA
2020-10-07,Total Deaths,36,34.42857142857143
2020-10-07,Reported Deaths,76,25.285714285714285
2020-10-08,Confirmed Deaths,29,NA
2020-10-08,Probable Deaths,6,NA
2020-10-08,Total Deaths,35,32.714285714285715
2020-10-08,Reported Deaths,26,25.142857142857142
2020-10-09,Confirmed Deaths,30,NA
2020-10-09,Probable Deaths,3,NA
2020-10-09,Total Deaths,33,32.57142857142857
2020-10-09,Reported Deaths,103,36.57142857142857
2020-10-10,Confirmed Deaths,30,NA
2020-10-10,Probable Deaths,4,NA
2020-10-10,Total Deaths,34,33.42857142857143
2020-10-10,Reported Deaths,20,37.57142857142857
2020-10-11,Confirmed Deaths,31,NA
2020-10-11,Probable Deaths,4,NA
2020-10-11,Total Deaths,35,34.142857142857146
2020-10-11,Reported Deaths,0,37.57142857142857
2020-10-12,Confirmed Deaths,20,NA
2020-10-12,Probable Deaths,3,NA
2020-10-12,Total Deaths,23,32.857142857142854
2020-10-12,Reported Deaths,1,36.42857142857143
2020-10-13,Confirmed Deaths,22,NA
2020-10-13,Probable Deaths,5,NA
2020-10-13,Total Deaths,27,31.857142857142858
2020-10-13,Reported Deaths,11,33.857142857142854
2020-10-14,Confirmed Deaths,31,NA
2020-10-14,Probable Deaths,8,NA
2020-10-14,Total Deaths,39,32.285714285714285
2020-10-14,Reported Deaths,103,37.714285714285715
2020-10-15,Confirmed Deaths,28,NA
2020-10-15,Probable Deaths,10,NA
2020-10-15,Total Deaths,38,32.714285714285715
2020-10-15,Reported Deaths,-67,24.428571428571427
2020-10-16,Confirmed Deaths,27,NA
2020-10-16,Probable Deaths,5,NA
2020-10-16,Total Deaths,32,32.57142857142857
2020-10-16,Reported Deaths,19,12.428571428571429
2020-10-17,Confirmed Deaths,34,NA
2020-10-17,Probable Deaths,10,NA
2020-10-17,Total Deaths,44,34
2020-10-17,Reported Deaths,95,23.142857142857142
2020-10-18,Confirmed Deaths,30,NA
2020-10-18,Probable Deaths,3,NA
2020-10-18,Total Deaths,33,33.714285714285715
2020-10-18,Reported Deaths,3,23.571428571428573
2020-10-19,Confirmed Deaths,34,NA
2020-10-19,Probable Deaths,11,NA
2020-10-19,Total Deaths,45,36.857142857142854
2020-10-19,Reported Deaths,12,25.142857142857142
2020-10-20,Confirmed Deaths,30,NA
2020-10-20,Probable Deaths,6,NA
2020-10-20,Total Deaths,36,38.142857142857146
2020-10-20,Reported Deaths,8,24.714285714285715
2020-10-21,Confirmed Deaths,36,NA
2020-10-21,Probable Deaths,8,NA
2020-10-21,Total Deaths,44,38.857142857142854
2020-10-21,Reported Deaths,48,16.857142857142858
2020-10-22,Confirmed Deaths,51,NA
2020-10-22,Probable Deaths,3,NA
2020-10-22,Total Deaths,54,41.142857142857146
2020-10-22,Reported Deaths,18,29
2020-10-23,Confirmed Deaths,32,NA
2020-10-23,Probable Deaths,6,NA
2020-10-23,Total Deaths,38,42
2020-10-23,Reported Deaths,30,30.571428571428573
2020-10-24,Confirmed Deaths,14,NA
2020-10-24,Probable Deaths,5,NA
2020-10-24,Total Deaths,19,38.42857142857143
2020-10-24,Reported Deaths,90,29.857142857142858
2020-10-25,Confirmed Deaths,43,NA
2020-10-25,Probable Deaths,6,NA
2020-10-25,Total Deaths,49,40.714285714285715
2020-10-25,Reported Deaths,3,29.857142857142858
2020-10-26,Confirmed Deaths,41,NA
2020-10-26,Probable Deaths,3,NA
2020-10-26,Total Deaths,44,40.57142857142857
2020-10-26,Reported Deaths,12,29.857142857142858
2020-10-27,Confirmed Deaths,37,NA
2020-10-27,Probable Deaths,8,NA
2020-10-27,Total Deaths,45,41.857142857142854
2020-10-27,Reported Deaths,43,34.857142857142854
2020-10-28,Confirmed Deaths,31,NA
2020-10-28,Probable Deaths,13,NA
2020-10-28,Total Deaths,44,41.857142857142854
2020-10-28,Reported Deaths,28,32
2020-10-29,Confirmed Deaths,35,NA
2020-10-29,Probable Deaths,6,NA
2020-10-29,Total Deaths,41,40
2020-10-29,Reported Deaths,38,34.857142857142854
2020-10-30,Confirmed Deaths,44,NA
2020-10-30,Probable Deaths,7,NA
2020-10-30,Total Deaths,51,41.857142857142854
2020-10-30,Reported Deaths,36,35.714285714285715
2020-10-31,Confirmed Deaths,39,NA
2020-10-31,Probable Deaths,6,NA
2020-10-31,Total Deaths,45,45.57142857142857
2020-10-31,Reported Deaths,76,33.714285714285715
2020-11-01,Confirmed Deaths,42,NA
2020-11-01,Probable Deaths,8,NA
2020-11-01,Total Deaths,50,45.714285714285715
2020-11-01,Reported Deaths,1,33.42857142857143
2020-11-02,Confirmed Deaths,35,NA
2020-11-02,Probable Deaths,17,NA
2020-11-02,Total Deaths,52,46.857142857142854
2020-11-02,Reported Deaths,10,33.142857142857146
2020-11-03,Confirmed Deaths,37,NA
2020-11-03,Probable Deaths,11,NA
2020-11-03,Total Deaths,48,47.285714285714285
2020-11-03,Reported Deaths,35,32
2020-11-04,Confirmed Deaths,42,NA
2020-11-04,Probable Deaths,12,NA
2020-11-04,Total Deaths,54,48.714285714285715
2020-11-04,Reported Deaths,30,32.285714285714285
2020-11-05,Confirmed Deaths,46,NA
2020-11-05,Probable Deaths,12,NA
2020-11-05,Total Deaths,58,51.142857142857146
2020-11-05,Reported Deaths,31,31.285714285714285
2020-11-06,Confirmed Deaths,55,NA
2020-11-06,Probable Deaths,10,NA
2020-11-06,Total Deaths,65,53.142857142857146
2020-11-06,Reported Deaths,20,29
2020-11-07,Confirmed Deaths,47,NA
2020-11-07,Probable Deaths,15,NA
2020-11-07,Total Deaths,62,55.57142857142857
2020-11-07,Reported Deaths,18,20.714285714285715
2020-11-08,Confirmed Deaths,46,NA
2020-11-08,Probable Deaths,12,NA
2020-11-08,Total Deaths,58,56.714285714285715
2020-11-08,Reported Deaths,3,21
2020-11-09,Confirmed Deaths,52,NA
2020-11-09,Probable Deaths,13,NA
2020-11-09,Total Deaths,65,58.57142857142857
2020-11-09,Reported Deaths,3,20
2020-11-10,Confirmed Deaths,41,NA
2020-11-10,Probable Deaths,15,NA
2020-11-10,Total Deaths,56,59.714285714285715
2020-11-10,Reported Deaths,134,34.142857142857146
2020-11-11,Confirmed Deaths,50,NA
2020-11-11,Probable Deaths,22,NA
2020-11-11,Total Deaths,72,62.285714285714285
2020-11-11,Reported Deaths,36,35
2020-11-12,Confirmed Deaths,42,NA
2020-11-12,Probable Deaths,24,NA
2020-11-12,Total Deaths,66,63.42857142857143
2020-11-12,Reported Deaths,30,34.857142857142854
2020-11-13,Confirmed Deaths,50,NA
2020-11-13,Probable Deaths,18,NA
2020-11-13,Total Deaths,68,63.857142857142854
2020-11-13,Reported Deaths,11,33.57142857142857
2020-11-14,Confirmed Deaths,57,NA
2020-11-14,Probable Deaths,16,NA
2020-11-14,Total Deaths,73,65.42857142857143
2020-11-14,Reported Deaths,11,32.57142857142857
2020-11-15,Confirmed Deaths,58,NA
2020-11-15,Probable Deaths,13,NA
2020-11-15,Total Deaths,71,67.28571428571429
2020-11-15,Reported Deaths,0,32.142857142857146
2020-11-16,Confirmed Deaths,41,NA
2020-11-16,Probable Deaths,14,NA
2020-11-16,Total Deaths,55,65.85714285714286
2020-11-16,Reported Deaths,22,34.857142857142854
2020-11-17,Confirmed Deaths,62,NA
2020-11-17,Probable Deaths,10,NA
2020-11-17,Total Deaths,72,68.14285714285714
2020-11-17,Reported Deaths,67,25.285714285714285
2020-11-18,Confirmed Deaths,55,NA
2020-11-18,Probable Deaths,12,NA
2020-11-18,Total Deaths,67,67.42857142857143
2020-11-18,Reported Deaths,39,25.714285714285715
2020-11-19,Confirmed Deaths,60,NA
2020-11-19,Probable Deaths,23,NA
2020-11-19,Total Deaths,83,69.85714285714286
2020-11-19,Reported Deaths,27,25.285714285714285
2020-11-20,Confirmed Deaths,60,NA
2020-11-20,Probable Deaths,26,NA
2020-11-20,Total Deaths,86,72.42857142857143
2020-11-20,Reported Deaths,57,31.857142857142858
2020-11-21,Confirmed Deaths,68,NA
2020-11-21,Probable Deaths,21,NA
2020-11-21,Total Deaths,89,74.71428571428571
2020-11-21,Reported Deaths,9,31.571428571428573
2020-11-22,Confirmed Deaths,66,NA
2020-11-22,Probable Deaths,28,NA
2020-11-22,Total Deaths,94,78
2020-11-22,Reported Deaths,4,32.142857142857146
2020-11-23,Confirmed Deaths,77,NA
2020-11-23,Probable Deaths,15,NA
2020-11-23,Total Deaths,92,83.28571428571429
2020-11-23,Reported Deaths,9,30.285714285714285
2020-11-24,Confirmed Deaths,73,NA
2020-11-24,Probable Deaths,20,NA
2020-11-24,Total Deaths,93,86.28571428571429
2020-11-24,Reported Deaths,172,45.285714285714285
2020-11-25,Confirmed Deaths,66,NA
2020-11-25,Probable Deaths,22,NA
2020-11-25,Total Deaths,88,89.28571428571429
2020-11-25,Reported Deaths,39,45.285714285714285
2020-11-26,Confirmed Deaths,72,NA
2020-11-26,Probable Deaths,26,NA
2020-11-26,Total Deaths,98,91.42857142857143
2020-11-26,Reported Deaths,24,44.857142857142854
2020-11-27,Confirmed Deaths,57,NA
2020-11-27,Probable Deaths,23,NA
2020-11-27,Total Deaths,80,90.57142857142857
2020-11-27,Reported Deaths,11,38.285714285714285
2020-11-28,Confirmed Deaths,49,NA
2020-11-28,Probable Deaths,13,NA
2020-11-28,Total Deaths,62,86.71428571428571
2020-11-28,Reported Deaths,7,38
2020-11-29,Confirmed Deaths,65,NA
2020-11-29,Probable Deaths,16,NA
2020-11-29,Total Deaths,81,84.85714285714286
2020-11-29,Reported Deaths,6,38.285714285714285
2020-11-30,Confirmed Deaths,58,NA
2020-11-30,Probable Deaths,22,NA
2020-11-30,Total Deaths,80,83.14285714285714
2020-11-30,Reported Deaths,25,40.57142857142857
2020-12-01,Confirmed Deaths,57,NA
2020-12-01,Probable Deaths,18,NA
2020-12-01,Total Deaths,75,80.57142857142857
2020-12-01,Reported Deaths,149,37.285714285714285
2020-12-02,Confirmed Deaths,75,NA
2020-12-02,Probable Deaths,25,NA
2020-12-02,Total Deaths,100,82.28571428571429
2020-12-02,Reported Deaths,55,39.57142857142857
2020-12-03,Confirmed Deaths,63,NA
2020-12-03,Probable Deaths,16,NA
2020-12-03,Total Deaths,79,79.57142857142857
2020-12-03,Reported Deaths,89,48.857142857142854
2020-12-04,Confirmed Deaths,58,NA
2020-12-04,Probable Deaths,22,NA
2020-12-04,Total Deaths,80,79.57142857142857
2020-12-04,Reported Deaths,101,61.714285714285715
2020-12-05,Confirmed Deaths,74,NA
2020-12-05,Probable Deaths,20,NA
2020-12-05,Total Deaths,94,84.14285714285714
2020-12-05,Reported Deaths,37,66
2020-12-06,Confirmed Deaths,51,NA
2020-12-06,Probable Deaths,18,NA
2020-12-06,Total Deaths,69,82.42857142857143
2020-12-06,Reported Deaths,8,66.28571428571429
2020-12-07,Confirmed Deaths,65,NA
2020-12-07,Probable Deaths,20,NA
2020-12-07,Total Deaths,85,83.14285714285714
2020-12-07,Reported Deaths,32,67.28571428571429
2020-12-08,Confirmed Deaths,74,NA
2020-12-08,Probable Deaths,25,NA
2020-12-08,Total Deaths,99,86.57142857142857
2020-12-08,Reported Deaths,142,66.28571428571429
2020-12-09,Confirmed Deaths,77,NA
2020-12-09,Probable Deaths,14,NA
2020-12-09,Total Deaths,91,85.28571428571429
2020-12-09,Reported Deaths,46,65
2020-12-10,Confirmed Deaths,61,NA
2020-12-10,Probable Deaths,27,NA
2020-12-10,Total Deaths,88,86.57142857142857
2020-12-10,Reported Deaths,50,59.42857142857143
2020-12-11,Confirmed Deaths,59,NA
2020-12-11,Probable Deaths,17,NA
2020-12-11,Total Deaths,76,86
2020-12-11,Reported Deaths,14,47
2020-12-12,Confirmed Deaths,59,NA
2020-12-12,Probable Deaths,16,NA
2020-12-12,Total Deaths,75,83.28571428571429
2020-12-12,Reported Deaths,50,48.857142857142854
2020-12-13,Confirmed Deaths,62,NA
2020-12-13,Probable Deaths,17,NA
2020-12-13,Total Deaths,79,84.71428571428571
2020-12-13,Reported Deaths,7,48.714285714285715
2020-12-14,Confirmed Deaths,66,NA
2020-12-14,Probable Deaths,22,NA
2020-12-14,Total Deaths,88,85.14285714285714
2020-12-14,Reported Deaths,26,47.857142857142854
2020-12-15,Confirmed Deaths,56,NA
2020-12-15,Probable Deaths,18,NA
2020-12-15,Total Deaths,74,81.57142857142857
2020-12-15,Reported Deaths,172,52.142857142857146
2020-12-16,Confirmed Deaths,50,NA
2020-12-16,Probable Deaths,15,NA
2020-12-16,Total Deaths,65,77.85714285714286
2020-12-16,Reported Deaths,84,57.57142857142857
2020-12-17,Confirmed Deaths,53,NA
2020-12-17,Probable Deaths,15,NA
2020-12-17,Total Deaths,68,75
2020-12-17,Reported Deaths,58,58.714285714285715
2020-12-18,Confirmed Deaths,66,NA
2020-12-18,Probable Deaths,10,NA
2020-12-18,Total Deaths,76,75
2020-12-18,Reported Deaths,69,66.57142857142857
2020-12-19,Confirmed Deaths,50,NA
2020-12-19,Probable Deaths,19,NA
2020-12-19,Total Deaths,69,74.14285714285714
2020-12-19,Reported Deaths,66,68.85714285714286
2020-12-20,Confirmed Deaths,49,NA
2020-12-20,Probable Deaths,17,NA
2020-12-20,Total Deaths,66,72.28571428571429
2020-12-20,Reported Deaths,26,71.57142857142857
2020-12-21,Confirmed Deaths,65,NA
2020-12-21,Probable Deaths,11,NA
2020-12-21,Total Deaths,76,70.57142857142857
2020-12-21,Reported Deaths,29,72
2020-12-22,Confirmed Deaths,59,NA
2020-12-22,Probable Deaths,18,NA
2020-12-22,Total Deaths,77,71
2020-12-22,Reported Deaths,183,73.57142857142857
2020-12-23,Confirmed Deaths,52,NA
2020-12-23,Probable Deaths,12,NA
2020-12-23,Total Deaths,64,70.85714285714286
2020-12-23,Reported Deaths,114,77.85714285714286
2020-12-24,Confirmed Deaths,34,NA
2020-12-24,Probable Deaths,22,NA
2020-12-24,Total Deaths,56,69.14285714285714
2020-12-24,Reported Deaths,39,75.14285714285714
2020-12-25,Confirmed Deaths,48,NA
2020-12-25,Probable Deaths,23,NA
2020-12-25,Total Deaths,71,68.42857142857143
2020-12-25,Reported Deaths,6,66.14285714285714
2020-12-26,Confirmed Deaths,55,NA
2020-12-26,Probable Deaths,18,NA
2020-12-26,Total Deaths,73,69
2020-12-26,Reported Deaths,9,58
2020-12-27,Confirmed Deaths,52,NA
2020-12-27,Probable Deaths,20,NA
2020-12-27,Total Deaths,72,69.85714285714286
2020-12-27,Reported Deaths,14,56.285714285714285
2020-12-28,Confirmed Deaths,50,NA
2020-12-28,Probable Deaths,10,NA
2020-12-28,Total Deaths,60,67.57142857142857
2020-12-28,Reported Deaths,12,53.857142857142854
2020-12-29,Confirmed Deaths,54,NA
2020-12-29,Probable Deaths,19,NA
2020-12-29,Total Deaths,73,67
2020-12-29,Reported Deaths,98,41.714285714285715
2020-12-30,Confirmed Deaths,46,NA
2020-12-30,Probable Deaths,19,NA
2020-12-30,Total Deaths,65,67.14285714285714
2020-12-30,Reported Deaths,80,36.857142857142854
2020-12-31,Confirmed Deaths,41,NA
2020-12-31,Probable Deaths,15,NA
2020-12-31,Total Deaths,56,67.14285714285714
2020-12-31,Reported Deaths,41,37.142857142857146
2021-01-01,Confirmed Deaths,46,NA
2021-01-01,Probable Deaths,19,NA
2021-01-01,Total Deaths,65,66.28571428571429
2021-01-01,Reported Deaths,19,39
2021-01-02,Confirmed Deaths,43,NA
2021-01-02,Probable Deaths,19,NA
2021-01-02,Total Deaths,62,64.71428571428571
2021-01-02,Reported Deaths,4,38.285714285714285
2021-01-03,Confirmed Deaths,49,NA
2021-01-03,Probable Deaths,16,NA
2021-01-03,Total Deaths,65,63.714285714285715
2021-01-03,Reported Deaths,18,38.857142857142854
2021-01-04,Confirmed Deaths,48,NA
2021-01-04,Probable Deaths,9,NA
2021-01-04,Total Deaths,57,63.285714285714285
2021-01-04,Reported Deaths,13,39
2021-01-05,Confirmed Deaths,57,NA
2021-01-05,Probable Deaths,18,NA
2021-01-05,Total Deaths,75,63.57142857142857
2021-01-05,Reported Deaths,182,51
2021-01-06,Confirmed Deaths,43,NA
2021-01-06,Probable Deaths,22,NA
2021-01-06,Total Deaths,65,63.57142857142857
2021-01-06,Reported Deaths,44,45.857142857142854
2021-01-07,Confirmed Deaths,49,NA
2021-01-07,Probable Deaths,14,NA
2021-01-07,Total Deaths,63,64.57142857142857
2021-01-07,Reported Deaths,71,50.142857142857146
2021-01-08,Confirmed Deaths,37,NA
2021-01-08,Probable Deaths,14,NA
2021-01-08,Total Deaths,51,62.57142857142857
2021-01-08,Reported Deaths,38,52.857142857142854
2021-01-09,Confirmed Deaths,46,NA
2021-01-09,Probable Deaths,18,NA
2021-01-09,Total Deaths,64,62.857142857142854
2021-01-09,Reported Deaths,33,57
2021-01-10,Confirmed Deaths,50,NA
2021-01-10,Probable Deaths,12,NA
2021-01-10,Total Deaths,62,62.42857142857143
2021-01-10,Reported Deaths,7,55.42857142857143
2021-01-11,Confirmed Deaths,55,NA
2021-01-11,Probable Deaths,15,NA
2021-01-11,Total Deaths,70,64.28571428571429
2021-01-11,Reported Deaths,20,56.42857142857143
2021-01-12,Confirmed Deaths,50,NA
2021-01-12,Probable Deaths,14,NA
2021-01-12,Total Deaths,64,62.714285714285715
2021-01-12,Reported Deaths,159,53.142857142857146
2021-01-13,Confirmed Deaths,50,NA
2021-01-13,Probable Deaths,23,NA
2021-01-13,Total Deaths,73,63.857142857142854
2021-01-13,Reported Deaths,43,53
2021-01-14,Confirmed Deaths,33,NA
2021-01-14,Probable Deaths,12,NA
2021-01-14,Total Deaths,45,61.285714285714285
2021-01-14,Reported Deaths,52,50.285714285714285
2021-01-15,Confirmed Deaths,43,NA
2021-01-15,Probable Deaths,16,NA
2021-01-15,Total Deaths,59,62.42857142857143
2021-01-15,Reported Deaths,29,49
2021-01-16,Confirmed Deaths,44,NA
2021-01-16,Probable Deaths,9,NA
2021-01-16,Total Deaths,53,60.857142857142854
2021-01-16,Reported Deaths,25,47.857142857142854
2021-01-17,Confirmed Deaths,47,NA
2021-01-17,Probable Deaths,13,NA
2021-01-17,Total Deaths,60,60.57142857142857
2021-01-17,Reported Deaths,3,47.285714285714285
2021-01-18,Confirmed Deaths,46,NA
2021-01-18,Probable Deaths,15,NA
2021-01-18,Total Deaths,61,59.285714285714285
2021-01-18,Reported Deaths,8,45.57142857142857
2021-01-19,Confirmed Deaths,45,NA
2021-01-19,Probable Deaths,11,NA
2021-01-19,Total Deaths,56,58.142857142857146
2021-01-19,Reported Deaths,17,25.285714285714285
2021-01-20,Confirmed Deaths,39,NA
2021-01-20,Probable Deaths,13,NA
2021-01-20,Total Deaths,52,55.142857142857146
2021-01-20,Reported Deaths,196,47.142857142857146
2021-01-21,Confirmed Deaths,35,NA
2021-01-21,Probable Deaths,11,NA
2021-01-21,Total Deaths,46,55.285714285714285
2021-01-21,Reported Deaths,41,45.57142857142857
2021-01-22,Confirmed Deaths,49,NA
2021-01-22,Probable Deaths,11,NA
2021-01-22,Total Deaths,60,55.42857142857143
2021-01-22,Reported Deaths,23,44.714285714285715
2021-01-23,Confirmed Deaths,34,NA
2021-01-23,Probable Deaths,12,NA
2021-01-23,Total Deaths,46,54.42857142857143
2021-01-23,Reported Deaths,17,43.57142857142857
2021-01-24,Confirmed Deaths,31,NA
2021-01-24,Probable Deaths,5,NA
2021-01-24,Total Deaths,36,51
2021-01-24,Reported Deaths,7,44.142857142857146
2021-01-25,Confirmed Deaths,32,NA
2021-01-25,Probable Deaths,9,NA
2021-01-25,Total Deaths,41,48.142857142857146
2021-01-25,Reported Deaths,12,44.714285714285715
2021-01-26,Confirmed Deaths,34,NA
2021-01-26,Probable Deaths,10,NA
2021-01-26,Total Deaths,44,46.42857142857143
2021-01-26,Reported Deaths,114,58.57142857142857
2021-01-27,Confirmed Deaths,42,NA
2021-01-27,Probable Deaths,8,NA
2021-01-27,Total Deaths,50,46.142857142857146
2021-01-27,Reported Deaths,36,35.714285714285715
2021-01-28,Confirmed Deaths,34,NA
2021-01-28,Probable Deaths,8,NA
2021-01-28,Total Deaths,42,45.57142857142857
2021-01-28,Reported Deaths,23,33.142857142857146
2021-01-29,Confirmed Deaths,33,NA
2021-01-29,Probable Deaths,13,NA
2021-01-29,Total Deaths,46,43.57142857142857
2021-01-29,Reported Deaths,21,32.857142857142854
2021-01-30,Confirmed Deaths,27,NA
2021-01-30,Probable Deaths,6,NA
2021-01-30,Total Deaths,33,41.714285714285715
2021-01-30,Reported Deaths,13,32.285714285714285
2021-01-31,Confirmed Deaths,21,NA
2021-01-31,Probable Deaths,7,NA
2021-01-31,Total Deaths,28,40.57142857142857
2021-01-31,Reported Deaths,1,31.428571428571427
2021-02-01,Confirmed Deaths,30,NA
2021-02-01,Probable Deaths,3,NA
2021-02-01,Total Deaths,33,39.42857142857143
2021-02-01,Reported Deaths,6,30.571428571428573
2021-02-02,Confirmed Deaths,23,NA
2021-02-02,Probable Deaths,3,NA
2021-02-02,Total Deaths,26,36.857142857142854
2021-02-02,Reported Deaths,228,46.857142857142854
2021-02-03,Confirmed Deaths,21,NA
2021-02-03,Probable Deaths,12,NA
2021-02-03,Total Deaths,33,34.42857142857143
2021-02-03,Reported Deaths,81,53.285714285714285
2021-02-04,Confirmed Deaths,33,NA
2021-02-04,Probable Deaths,12,NA
2021-02-04,Total Deaths,45,34.857142857142854
2021-02-04,Reported Deaths,27,53.857142857142854
2021-02-05,Confirmed Deaths,19,NA
2021-02-05,Probable Deaths,4,NA
2021-02-05,Total Deaths,23,31.571428571428573
2021-02-05,Reported Deaths,22,54
2021-02-06,Confirmed Deaths,11,NA
2021-02-06,Probable Deaths,9,NA
2021-02-06,Total Deaths,20,29.714285714285715
2021-02-06,Reported Deaths,17,54.57142857142857
2021-02-07,Confirmed Deaths,25,NA
2021-02-07,Probable Deaths,6,NA
2021-02-07,Total Deaths,31,30.142857142857142
2021-02-07,Reported Deaths,5,55.142857142857146
2021-02-08,Confirmed Deaths,14,NA
2021-02-08,Probable Deaths,5,NA
2021-02-08,Total Deaths,19,28.142857142857142
2021-02-08,Reported Deaths,16,56.57142857142857
2021-02-09,Confirmed Deaths,23,NA
2021-02-09,Probable Deaths,3,NA
2021-02-09,Total Deaths,26,28.142857142857142
2021-02-09,Reported Deaths,11,25.571428571428573
2021-02-10,Confirmed Deaths,18,NA
2021-02-10,Probable Deaths,11,NA
2021-02-10,Total Deaths,29,27.571428571428573
2021-02-10,Reported Deaths,17,16.428571428571427
2021-02-11,Confirmed Deaths,22,NA
2021-02-11,Probable Deaths,4,NA
2021-02-11,Total Deaths,26,24.857142857142858
2021-02-11,Reported Deaths,192,40
2021-02-12,Confirmed Deaths,19,NA
2021-02-12,Probable Deaths,5,NA
2021-02-12,Total Deaths,24,25
2021-02-12,Reported Deaths,42,42.857142857142854
2021-02-13,Confirmed Deaths,26,NA
2021-02-13,Probable Deaths,3,NA
2021-02-13,Total Deaths,29,26.285714285714285
2021-02-13,Reported Deaths,30,44.714285714285715
2021-02-14,Confirmed Deaths,18,NA
2021-02-14,Probable Deaths,5,NA
2021-02-14,Total Deaths,23,25.142857142857142
2021-02-14,Reported Deaths,5,44.714285714285715
2021-02-15,Confirmed Deaths,11,NA
2021-02-15,Probable Deaths,2,NA
2021-02-15,Total Deaths,13,24.285714285714285
2021-02-15,Reported Deaths,4,43
2021-02-16,Confirmed Deaths,15,NA
2021-02-16,Probable Deaths,3,NA
2021-02-16,Total Deaths,18,23.142857142857142
2021-02-16,Reported Deaths,9,42.714285714285715
2021-02-17,Confirmed Deaths,13,NA
2021-02-17,Probable Deaths,2,NA
2021-02-17,Total Deaths,15,21.142857142857142
2021-02-17,Reported Deaths,41,46.142857142857146
2021-02-18,Confirmed Deaths,17,NA
2021-02-18,Probable Deaths,6,NA
2021-02-18,Total Deaths,23,20.714285714285715
2021-02-18,Reported Deaths,158,41.285714285714285
2021-02-19,Confirmed Deaths,18,NA
2021-02-19,Probable Deaths,4,NA
2021-02-19,Total Deaths,22,20.428571428571427
2021-02-19,Reported Deaths,53,42.857142857142854
2021-02-20,Confirmed Deaths,14,NA
2021-02-20,Probable Deaths,3,NA
2021-02-20,Total Deaths,17,18.714285714285715
2021-02-20,Reported Deaths,11,40.142857142857146
2021-02-21,Confirmed Deaths,20,NA
2021-02-21,Probable Deaths,4,NA
2021-02-21,Total Deaths,24,18.857142857142858
2021-02-21,Reported Deaths,0,39.42857142857143
2021-02-22,Confirmed Deaths,18,NA
2021-02-22,Probable Deaths,1,NA
2021-02-22,Total Deaths,19,19.714285714285715
2021-02-22,Reported Deaths,16,41.142857142857146
2021-02-23,Confirmed Deaths,9,NA
2021-02-23,Probable Deaths,0,NA
2021-02-23,Total Deaths,9,18.428571428571427
2021-02-23,Reported Deaths,117,56.57142857142857
2021-02-24,Confirmed Deaths,10,NA
2021-02-24,Probable Deaths,3,NA
2021-02-24,Total Deaths,13,18.142857142857142
2021-02-24,Reported Deaths,32,55.285714285714285
2021-02-25,Confirmed Deaths,9,NA
2021-02-25,Probable Deaths,2,NA
2021-02-25,Total Deaths,11,16.428571428571427
2021-02-25,Reported Deaths,39,38.285714285714285
2021-02-26,Confirmed Deaths,11,NA
2021-02-26,Probable Deaths,2,NA
2021-02-26,Total Deaths,13,15.142857142857142
2021-02-26,Reported Deaths,16,33
2021-02-27,Confirmed Deaths,12,NA
2021-02-27,Probable Deaths,4,NA
2021-02-27,Total Deaths,16,15
2021-02-27,Reported Deaths,12,33.142857142857146
2021-02-28,Confirmed Deaths,14,NA
2021-02-28,Probable Deaths,5,NA
2021-02-28,Total Deaths,19,14.285714285714286
2021-02-28,Reported Deaths,-1,33
2021-03-01,Confirmed Deaths,7,NA
2021-03-01,Probable Deaths,2,NA
2021-03-01,Total Deaths,9,12.857142857142858
2021-03-01,Reported Deaths,3,31.142857142857142
2021-03-02,Confirmed Deaths,7,NA
2021-03-02,Probable Deaths,2,NA
2021-03-02,Total Deaths,9,12.857142857142858
2021-03-02,Reported Deaths,17,16.857142857142858
2021-03-03,Confirmed Deaths,17,NA
2021-03-03,Probable Deaths,4,NA
2021-03-03,Total Deaths,21,14
2021-03-03,Reported Deaths,163,35.57142857142857
2021-03-04,Confirmed Deaths,9,NA
2021-03-04,Probable Deaths,1,NA
2021-03-04,Total Deaths,10,13.857142857142858
2021-03-04,Reported Deaths,6,30.857142857142858
2021-03-05,Confirmed Deaths,5,NA
2021-03-05,Probable Deaths,1,NA
2021-03-05,Total Deaths,6,12.857142857142858
2021-03-05,Reported Deaths,28,32.57142857142857
2021-03-06,Confirmed Deaths,10,NA
2021-03-06,Probable Deaths,2,NA
2021-03-06,Total Deaths,12,12.285714285714286
2021-03-06,Reported Deaths,7,31.857142857142858
2021-03-07,Confirmed Deaths,10,NA
2021-03-07,Probable Deaths,1,NA
2021-03-07,Total Deaths,11,11.142857142857142
2021-03-07,Reported Deaths,2,32.285714285714285
2021-03-08,Confirmed Deaths,10,NA
2021-03-08,Probable Deaths,4,NA
2021-03-08,Total Deaths,14,11.857142857142858
2021-03-08,Reported Deaths,2,32.142857142857146
2021-03-09,Confirmed Deaths,5,NA
2021-03-09,Probable Deaths,1,NA
2021-03-09,Total Deaths,6,11.428571428571429
2021-03-09,Reported Deaths,105,44.714285714285715
2021-03-10,Confirmed Deaths,12,NA
2021-03-10,Probable Deaths,0,NA
2021-03-10,Total Deaths,12,10.142857142857142
2021-03-10,Reported Deaths,13,23.285714285714285
2021-03-11,Confirmed Deaths,9,NA
2021-03-11,Probable Deaths,2,NA
2021-03-11,Total Deaths,11,10.285714285714286
2021-03-11,Reported Deaths,15,24.571428571428573
2021-03-12,Confirmed Deaths,4,NA
2021-03-12,Probable Deaths,1,NA
2021-03-12,Total Deaths,5,10.142857142857142
2021-03-12,Reported Deaths,9,21.857142857142858
2021-03-13,Confirmed Deaths,5,NA
2021-03-13,Probable Deaths,1,NA
2021-03-13,Total Deaths,6,9.285714285714286
2021-03-13,Reported Deaths,17,23.285714285714285
2021-03-14,Confirmed Deaths,4,NA
2021-03-14,Probable Deaths,4,NA
2021-03-14,Total Deaths,8,8.857142857142858
2021-03-14,Reported Deaths,1,23.142857142857142
2021-03-15,Confirmed Deaths,11,NA
2021-03-15,Probable Deaths,3,NA
2021-03-15,Total Deaths,14,8.857142857142858
2021-03-15,Reported Deaths,1,23
2021-03-16,Confirmed Deaths,4,NA
2021-03-16,Probable Deaths,2,NA
2021-03-16,Total Deaths,6,8.857142857142858
2021-03-16,Reported Deaths,26,11.714285714285714
2021-03-17,Confirmed Deaths,9,NA
2021-03-17,Probable Deaths,2,NA
2021-03-17,Total Deaths,11,8.714285714285714
2021-03-17,Reported Deaths,9,11.142857142857142
2021-03-18,Confirmed Deaths,3,NA
2021-03-18,Probable Deaths,2,NA
2021-03-18,Total Deaths,5,7.857142857142857
2021-03-18,Reported Deaths,5,9.714285714285714
2021-03-19,Confirmed Deaths,4,NA
2021-03-19,Probable Deaths,0,NA
2021-03-19,Total Deaths,4,7.714285714285714
2021-03-19,Reported Deaths,2,8.714285714285714
2021-03-20,Confirmed Deaths,7,NA
2021-03-20,Probable Deaths,1,NA
2021-03-20,Total Deaths,8,8
2021-03-20,Reported Deaths,3,6.714285714285714
2021-03-21,Confirmed Deaths,6,NA
2021-03-21,Probable Deaths,6,NA
2021-03-21,Total Deaths,12,8.571428571428571
2021-03-21,Reported Deaths,6,7.428571428571429
2021-03-22,Confirmed Deaths,9,NA
2021-03-22,Probable Deaths,2,NA
2021-03-22,Total Deaths,11,8.142857142857142
2021-03-22,Reported Deaths,2,7.571428571428571
2021-03-23,Confirmed Deaths,8,NA
2021-03-23,Probable Deaths,3,NA
2021-03-23,Total Deaths,11,8.857142857142858
2021-03-23,Reported Deaths,57,12
2021-03-24,Confirmed Deaths,10,NA
2021-03-24,Probable Deaths,0,NA
2021-03-24,Total Deaths,10,8.714285714285714
2021-03-24,Reported Deaths,11,12.285714285714286
2021-03-25,Confirmed Deaths,9,NA
2021-03-25,Probable Deaths,1,NA
2021-03-25,Total Deaths,10,9.428571428571429
2021-03-25,Reported Deaths,11,13.142857142857142
2021-03-26,Confirmed Deaths,8,NA
2021-03-26,Probable Deaths,4,NA
2021-03-26,Total Deaths,12,10.571428571428571
2021-03-26,Reported Deaths,7,13.857142857142858
2021-03-27,Confirmed Deaths,7,NA
2021-03-27,Probable Deaths,0,NA
2021-03-27,Total Deaths,7,10.428571428571429
2021-03-27,Reported Deaths,32,18
2021-03-28,Confirmed Deaths,9,NA
2021-03-28,Probable Deaths,1,NA
2021-03-28,Total Deaths,10,10.142857142857142
2021-03-28,Reported Deaths,1,17.285714285714285
2021-03-29,Confirmed Deaths,10,NA
2021-03-29,Probable Deaths,3,NA
2021-03-29,Total Deaths,13,10.428571428571429
2021-03-29,Reported Deaths,-23,13.714285714285714
2021-03-30,Confirmed Deaths,6,NA
2021-03-30,Probable Deaths,3,NA
2021-03-30,Total Deaths,9,10.142857142857142
2021-03-30,Reported Deaths,51,12.857142857142858
2021-03-31,Confirmed Deaths,11,NA
2021-03-31,Probable Deaths,1,NA
2021-03-31,Total Deaths,12,10.428571428571429
2021-03-31,Reported Deaths,6,12.142857142857142
2021-04-01,Confirmed Deaths,8,NA
2021-04-01,Probable Deaths,0,NA
2021-04-01,Total Deaths,8,10.142857142857142
2021-04-01,Reported Deaths,4,11.142857142857142
2021-04-02,Confirmed Deaths,3,NA
2021-04-02,Probable Deaths,1,NA
2021-04-02,Total Deaths,4,9
2021-04-02,Reported Deaths,4,10.714285714285714
2021-04-03,Confirmed Deaths,6,NA
2021-04-03,Probable Deaths,1,NA
2021-04-03,Total Deaths,7,9
2021-04-03,Reported Deaths,3,6.571428571428571
2021-04-04,Confirmed Deaths,4,NA
2021-04-04,Probable Deaths,0,NA
2021-04-04,Total Deaths,4,8.142857142857142
2021-04-04,Reported Deaths,0,6.428571428571429
2021-04-05,Confirmed Deaths,9,NA
2021-04-05,Probable Deaths,1,NA
2021-04-05,Total Deaths,10,7.714285714285714
2021-04-05,Reported Deaths,2,10
2021-04-06,Confirmed Deaths,6,NA
2021-04-06,Probable Deaths,1,NA
2021-04-06,Total Deaths,7,7.428571428571429
2021-04-06,Reported Deaths,9,4
2021-04-07,Confirmed Deaths,4,NA
2021-04-07,Probable Deaths,0,NA
2021-04-07,Total Deaths,4,6.285714285714286
2021-04-07,Reported Deaths,2,3.4285714285714284
2021-04-08,Confirmed Deaths,6,NA
2021-04-08,Probable Deaths,1,NA
2021-04-08,Total Deaths,7,6.142857142857143
2021-04-08,Reported Deaths,0,2.857142857142857
2021-04-09,Confirmed Deaths,12,NA
2021-04-09,Probable Deaths,2,NA
2021-04-09,Total Deaths,14,7.571428571428571
2021-04-09,Reported Deaths,-1,2.142857142857143
2021-04-10,Confirmed Deaths,6,NA
2021-04-10,Probable Deaths,1,NA
2021-04-10,Total Deaths,7,7.571428571428571
2021-04-10,Reported Deaths,6,2.5714285714285716
2021-04-11,Confirmed Deaths,6,NA
2021-04-11,Probable Deaths,2,NA
2021-04-11,Total Deaths,8,8.142857142857142
2021-04-11,Reported Deaths,1,2.7142857142857144
2021-04-12,Confirmed Deaths,6,NA
2021-04-12,Probable Deaths,0,NA
2021-04-12,Total Deaths,6,7.571428571428571
2021-04-12,Reported Deaths,3,2.857142857142857
2021-04-13,Confirmed Deaths,9,NA
2021-04-13,Probable Deaths,2,NA
2021-04-13,Total Deaths,11,8.142857142857142
2021-04-13,Reported Deaths,67,11.142857142857142
2021-04-14,Confirmed Deaths,8,NA
2021-04-14,Probable Deaths,1,NA
2021-04-14,Total Deaths,9,8.857142857142858
2021-04-14,Reported Deaths,24,14.285714285714286
2021-04-15,Confirmed Deaths,10,NA
2021-04-15,Probable Deaths,3,NA
2021-04-15,Total Deaths,13,9.714285714285714
2021-04-15,Reported Deaths,5,15
2021-04-16,Confirmed Deaths,3,NA
2021-04-16,Probable Deaths,0,NA
2021-04-16,Total Deaths,3,8.142857142857142
2021-04-16,Reported Deaths,5,15.857142857142858
2021-04-17,Confirmed Deaths,5,NA
2021-04-17,Probable Deaths,0,NA
2021-04-17,Total Deaths,5,7.857142857142857
2021-04-17,Reported Deaths,4,15.571428571428571
2021-04-18,Confirmed Deaths,4,NA
2021-04-18,Probable Deaths,1,NA
2021-04-18,Total Deaths,5,7.428571428571429
2021-04-18,Reported Deaths,0,15.428571428571429
2021-04-19,Confirmed Deaths,5,NA
2021-04-19,Probable Deaths,1,NA
2021-04-19,Total Deaths,6,7.428571428571429
2021-04-19,Reported Deaths,2,15.285714285714286
2021-04-20,Confirmed Deaths,5,NA
2021-04-20,Probable Deaths,3,NA
2021-04-20,Total Deaths,8,7
2021-04-20,Reported Deaths,35,10.714285714285714
2021-04-21,Confirmed Deaths,4,NA
2021-04-21,Probable Deaths,0,NA
2021-04-21,Total Deaths,4,6.285714285714286
2021-04-21,Reported Deaths,9,8.571428571428571
2021-04-22,Confirmed Deaths,10,NA
2021-04-22,Probable Deaths,0,NA
2021-04-22,Total Deaths,10,5.857142857142857
2021-04-22,Reported Deaths,8,9
2021-04-23,Confirmed Deaths,4,NA
2021-04-23,Probable Deaths,4,NA
2021-04-23,Total Deaths,8,6.571428571428571
2021-04-23,Reported Deaths,3,8.714285714285714
2021-04-24,Confirmed Deaths,7,NA
2021-04-24,Probable Deaths,0,NA
2021-04-24,Total Deaths,7,6.857142857142857
2021-04-24,Reported Deaths,7,9.142857142857142
2021-04-25,Confirmed Deaths,6,NA
2021-04-25,Probable Deaths,1,NA
2021-04-25,Total Deaths,7,7.142857142857143
2021-04-25,Reported Deaths,1,9.285714285714286
2021-04-26,Confirmed Deaths,5,NA
2021-04-26,Probable Deaths,3,NA
2021-04-26,Total Deaths,8,7.428571428571429
2021-04-26,Reported Deaths,2,9.285714285714286
2021-04-27,Confirmed Deaths,9,NA
2021-04-27,Probable Deaths,0,NA
2021-04-27,Total Deaths,9,7.571428571428571
2021-04-27,Reported Deaths,35,9.285714285714286
2021-04-28,Confirmed Deaths,9,NA
2021-04-28,Probable Deaths,2,NA
2021-04-28,Total Deaths,11,8.571428571428571
2021-04-28,Reported Deaths,13,9.857142857142858
2021-04-29,Confirmed Deaths,4,NA
2021-04-29,Probable Deaths,1,NA
2021-04-29,Total Deaths,5,7.857142857142857
2021-04-29,Reported Deaths,7,9.714285714285714
2021-04-30,Confirmed Deaths,7,NA
2021-04-30,Probable Deaths,0,NA
2021-04-30,Total Deaths,7,7.714285714285714
2021-04-30,Reported Deaths,6,10.142857142857142
2021-05-01,Confirmed Deaths,9,NA
2021-05-01,Probable Deaths,0,NA
2021-05-01,Total Deaths,9,8
2021-05-01,Reported Deaths,7,10.142857142857142
2021-05-02,Confirmed Deaths,7,NA
2021-05-02,Probable Deaths,2,NA
2021-05-02,Total Deaths,9,8.285714285714286
2021-05-02,Reported Deaths,3,10.428571428571429
2021-05-03,Confirmed Deaths,5,NA
2021-05-03,Probable Deaths,2,NA
2021-05-03,Total Deaths,7,8.142857142857142
2021-05-03,Reported Deaths,2,10.428571428571429
2021-05-04,Confirmed Deaths,6,NA
2021-05-04,Probable Deaths,1,NA
2021-05-04,Total Deaths,7,7.857142857142857
2021-05-04,Reported Deaths,55,13.285714285714286
2021-05-05,Confirmed Deaths,4,NA
2021-05-05,Probable Deaths,1,NA
2021-05-05,Total Deaths,5,7
2021-05-05,Reported Deaths,9,12.714285714285714
2021-05-06,Confirmed Deaths,6,NA
2021-05-06,Probable Deaths,2,NA
2021-05-06,Total Deaths,8,7.428571428571429
2021-05-06,Reported Deaths,4,12.285714285714286
2021-05-07,Confirmed Deaths,5,NA
2021-05-07,Probable Deaths,1,NA
2021-05-07,Total Deaths,6,7.285714285714286
2021-05-07,Reported Deaths,6,12.285714285714286
2021-05-08,Confirmed Deaths,6,NA
2021-05-08,Probable Deaths,0,NA
2021-05-08,Total Deaths,6,6.857142857142857
2021-05-08,Reported Deaths,3,11.714285714285714
2021-05-09,Confirmed Deaths,9,NA
2021-05-09,Probable Deaths,0,NA
2021-05-09,Total Deaths,9,6.857142857142857
2021-05-09,Reported Deaths,2,11.571428571428571
2021-05-10,Confirmed Deaths,4,NA
2021-05-10,Probable Deaths,1,NA
2021-05-10,Total Deaths,5,6.571428571428571
2021-05-10,Reported Deaths,3,11.714285714285714
2021-05-11,Confirmed Deaths,6,NA
2021-05-11,Probable Deaths,1,NA
2021-05-11,Total Deaths,7,6.571428571428571
2021-05-11,Reported Deaths,19,6.571428571428571
2021-05-12,Confirmed Deaths,8,NA
2021-05-12,Probable Deaths,3,NA
2021-05-12,Total Deaths,11,7.428571428571429
2021-05-12,Reported Deaths,11,6.857142857142857
2021-05-13,Confirmed Deaths,8,NA
2021-05-13,Probable Deaths,2,NA
2021-05-13,Total Deaths,10,7.714285714285714
2021-05-13,Reported Deaths,10,7.714285714285714
2021-05-14,Confirmed Deaths,6,NA
2021-05-14,Probable Deaths,0,NA
2021-05-14,Total Deaths,6,7.714285714285714
2021-05-14,Reported Deaths,11,8.428571428571429
2021-05-15,Confirmed Deaths,3,NA
2021-05-15,Probable Deaths,2,NA
2021-05-15,Total Deaths,5,7.571428571428571
2021-05-15,Reported Deaths,4,8.571428571428571
2021-05-16,Confirmed Deaths,6,NA
2021-05-16,Probable Deaths,0,NA
2021-05-16,Total Deaths,6,7.142857142857143
2021-05-16,Reported Deaths,0,8.285714285714286
2021-05-17,Confirmed Deaths,6,NA
2021-05-17,Probable Deaths,3,NA
2021-05-17,Total Deaths,9,7.714285714285714
2021-05-17,Reported Deaths,1,8
2021-05-18,Confirmed Deaths,6,NA
2021-05-18,Probable Deaths,2,NA
2021-05-18,Total Deaths,8,7.857142857142857
2021-05-18,Reported Deaths,111,21.142857142857142
2021-05-19,Confirmed Deaths,4,NA
2021-05-19,Probable Deaths,0,NA
2021-05-19,Total Deaths,4,6.857142857142857
2021-05-19,Reported Deaths,46,26.142857142857142
2021-05-20,Confirmed Deaths,6,NA
2021-05-20,Probable Deaths,0,NA
2021-05-20,Total Deaths,6,6.285714285714286
2021-05-20,Reported Deaths,7,25.714285714285715
2021-05-21,Confirmed Deaths,4,NA
2021-05-21,Probable Deaths,0,NA
2021-05-21,Total Deaths,4,6
2021-05-21,Reported Deaths,14,26.142857142857142
2021-05-22,Confirmed Deaths,6,NA
2021-05-22,Probable Deaths,1,NA
2021-05-22,Total Deaths,7,6.285714285714286
2021-05-22,Reported Deaths,1,25.714285714285715
2021-05-23,Confirmed Deaths,7,NA
2021-05-23,Probable Deaths,0,NA
2021-05-23,Total Deaths,7,6.428571428571429
2021-05-23,Reported Deaths,0,25.714285714285715
2021-05-24,Confirmed Deaths,5,NA
2021-05-24,Probable Deaths,1,NA
2021-05-24,Total Deaths,6,6
2021-05-24,Reported Deaths,6,26.428571428571427
2021-05-25,Confirmed Deaths,2,NA
2021-05-25,Probable Deaths,1,NA
2021-05-25,Total Deaths,3,5.285714285714286
2021-05-25,Reported Deaths,40,16.285714285714285
2021-05-26,Confirmed Deaths,3,NA
2021-05-26,Probable Deaths,0,NA
2021-05-26,Total Deaths,3,5.142857142857143
2021-05-26,Reported Deaths,34,14.571428571428571
2021-05-27,Confirmed Deaths,5,NA
2021-05-27,Probable Deaths,0,NA
2021-05-27,Total Deaths,5,5
2021-05-27,Reported Deaths,12,15.285714285714286
2021-05-28,Confirmed Deaths,0,NA
2021-05-28,Probable Deaths,1,NA
2021-05-28,Total Deaths,1,4.571428571428571
2021-05-28,Reported Deaths,8,14.428571428571429
2021-05-29,Confirmed Deaths,9,NA
2021-05-29,Probable Deaths,0,NA
2021-05-29,Total Deaths,9,4.857142857142857
2021-05-29,Reported Deaths,0,14.285714285714286
2021-05-30,Confirmed Deaths,5,NA
2021-05-30,Probable Deaths,0,NA
2021-05-30,Total Deaths,5,4.571428571428571
2021-05-30,Reported Deaths,2,14.571428571428571
2021-05-31,Confirmed Deaths,4,NA
2021-05-31,Probable Deaths,2,NA
2021-05-31,Total Deaths,6,4.571428571428571
2021-05-31,Reported Deaths,2,14
2021-06-01,Confirmed Deaths,4,NA
2021-06-01,Probable Deaths,0,NA
2021-06-01,Total Deaths,4,4.714285714285714
2021-06-01,Reported Deaths,0,8.285714285714286
2021-06-02,Confirmed Deaths,8,NA
2021-06-02,Probable Deaths,1,NA
2021-06-02,Total Deaths,9,5.571428571428571
2021-06-02,Reported Deaths,34,8.285714285714286
2021-06-03,Confirmed Deaths,2,NA
2021-06-03,Probable Deaths,1,NA
2021-06-03,Total Deaths,3,5.285714285714286
2021-06-03,Reported Deaths,8,7.714285714285714
2021-06-04,Confirmed Deaths,4,NA
2021-06-04,Probable Deaths,1,NA
2021-06-04,Total Deaths,5,5.857142857142857
2021-06-04,Reported Deaths,14,8.571428571428571
2021-06-05,Confirmed Deaths,4,NA
2021-06-05,Probable Deaths,0,NA
2021-06-05,Total Deaths,4,5.142857142857143
2021-06-05,Reported Deaths,5,9.285714285714286
2021-06-06,Confirmed Deaths,6,NA
2021-06-06,Probable Deaths,3,NA
2021-06-06,Total Deaths,9,5.714285714285714
2021-06-06,Reported Deaths,0,9
2021-06-07,Confirmed Deaths,8,NA
2021-06-07,Probable Deaths,2,NA
2021-06-07,Total Deaths,10,6.285714285714286
2021-06-07,Reported Deaths,2,9
2021-06-08,Confirmed Deaths,4,NA
2021-06-08,Probable Deaths,4,NA
2021-06-08,Total Deaths,8,6.857142857142857
2021-06-08,Reported Deaths,27,12.857142857142858
2021-06-09,Confirmed Deaths,13,NA
2021-06-09,Probable Deaths,1,NA
2021-06-09,Total Deaths,14,7.571428571428571
2021-06-09,Reported Deaths,14,10
2021-06-10,Confirmed Deaths,5,NA
2021-06-10,Probable Deaths,2,NA
2021-06-10,Total Deaths,7,8.142857142857142
2021-06-10,Reported Deaths,9,10.142857142857142
2021-06-11,Confirmed Deaths,6,NA
2021-06-11,Probable Deaths,0,NA
2021-06-11,Total Deaths,6,8.285714285714286
2021-06-11,Reported Deaths,13,10
2021-06-12,Confirmed Deaths,3,NA
2021-06-12,Probable Deaths,1,NA
2021-06-12,Total Deaths,4,8.285714285714286
2021-06-12,Reported Deaths,1,9.428571428571429
2021-06-13,Confirmed Deaths,8,NA
2021-06-13,Probable Deaths,1,NA
2021-06-13,Total Deaths,9,8.285714285714286
2021-06-13,Reported Deaths,0,9.428571428571429
2021-06-14,Confirmed Deaths,2,NA
2021-06-14,Probable Deaths,4,NA
2021-06-14,Total Deaths,6,7.714285714285714
2021-06-14,Reported Deaths,3,9.571428571428571
2021-06-15,Confirmed Deaths,9,NA
2021-06-15,Probable Deaths,1,NA
2021-06-15,Total Deaths,10,8
2021-06-15,Reported Deaths,19,8.428571428571429
2021-06-16,Confirmed Deaths,2,NA
2021-06-16,Probable Deaths,1,NA
2021-06-16,Total Deaths,3,6.428571428571429
2021-06-16,Reported Deaths,3,6.857142857142857
2021-06-17,Confirmed Deaths,8,NA
2021-06-17,Probable Deaths,1,NA
2021-06-17,Total Deaths,9,6.714285714285714
2021-06-17,Reported Deaths,5,6.285714285714286
2021-06-18,Confirmed Deaths,8,NA
2021-06-18,Probable Deaths,3,NA
2021-06-18,Total Deaths,11,7.428571428571429
2021-06-18,Reported Deaths,2,4.714285714285714
2021-06-19,Confirmed Deaths,7,NA
2021-06-19,Probable Deaths,2,NA
2021-06-19,Total Deaths,9,8.142857142857142
2021-06-19,Reported Deaths,11,6.142857142857143
2021-06-20,Confirmed Deaths,7,NA
2021-06-20,Probable Deaths,2,NA
2021-06-20,Total Deaths,9,8.142857142857142
2021-06-20,Reported Deaths,0,6.142857142857143
2021-06-21,Confirmed Deaths,6,NA
2021-06-21,Probable Deaths,4,NA
2021-06-21,Total Deaths,10,8.714285714285714
2021-06-21,Reported Deaths,4,6.285714285714286
2021-06-22,Confirmed Deaths,10,NA
2021-06-22,Probable Deaths,1,NA
2021-06-22,Total Deaths,11,8.857142857142858
2021-06-22,Reported Deaths,12,5.285714285714286
2021-06-23,Confirmed Deaths,12,NA
2021-06-23,Probable Deaths,3,NA
2021-06-23,Total Deaths,15,10.571428571428571
2021-06-23,Reported Deaths,8,6
2021-06-24,Confirmed Deaths,13,NA
2021-06-24,Probable Deaths,1,NA
2021-06-24,Total Deaths,14,11.285714285714286
2021-06-24,Reported Deaths,2,5.571428571428571
2021-06-25,Confirmed Deaths,13,NA
2021-06-25,Probable Deaths,0,NA
2021-06-25,Total Deaths,13,11.571428571428571
2021-06-25,Reported Deaths,13,7.142857142857143
2021-06-26,Confirmed Deaths,15,NA
2021-06-26,Probable Deaths,1,NA
2021-06-26,Total Deaths,16,12.571428571428571
2021-06-26,Reported Deaths,3,6
2021-06-27,Confirmed Deaths,11,NA
2021-06-27,Probable Deaths,3,NA
2021-06-27,Total Deaths,14,13.285714285714286
2021-06-27,Reported Deaths,0,6
2021-06-28,Confirmed Deaths,4,NA
2021-06-28,Probable Deaths,5,NA
2021-06-28,Total Deaths,9,13.142857142857142
2021-06-28,Reported Deaths,1,5.571428571428571
2021-06-29,Confirmed Deaths,8,NA
2021-06-29,Probable Deaths,6,NA
2021-06-29,Total Deaths,14,13.571428571428571
2021-06-29,Reported Deaths,39,9.428571428571429
2021-06-30,Confirmed Deaths,11,NA
2021-06-30,Probable Deaths,2,NA
2021-06-30,Total Deaths,13,13.285714285714286
2021-06-30,Reported Deaths,5,9
2021-07-01,Confirmed Deaths,12,NA
2021-07-01,Probable Deaths,4,NA
2021-07-01,Total Deaths,16,13.571428571428571
2021-07-01,Reported Deaths,5,9.428571428571429
2021-07-02,Confirmed Deaths,7,NA
2021-07-02,Probable Deaths,1,NA
2021-07-02,Total Deaths,8,12.857142857142858
2021-07-02,Reported Deaths,15,9.714285714285714
2021-07-03,Confirmed Deaths,5,NA
2021-07-03,Probable Deaths,1,NA
2021-07-03,Total Deaths,6,11.428571428571429
2021-07-03,Reported Deaths,9,10.571428571428571
2021-07-04,Confirmed Deaths,11,NA
2021-07-04,Probable Deaths,3,NA
2021-07-04,Total Deaths,14,11.428571428571429
2021-07-04,Reported Deaths,1,10.714285714285714
2021-07-05,Confirmed Deaths,12,NA
2021-07-05,Probable Deaths,2,NA
2021-07-05,Total Deaths,14,12.142857142857142
2021-07-05,Reported Deaths,0,10.571428571428571
2021-07-06,Confirmed Deaths,11,NA
2021-07-06,Probable Deaths,0,NA
2021-07-06,Total Deaths,11,11.714285714285714
2021-07-06,Reported Deaths,1,5.142857142857143
2021-07-07,Confirmed Deaths,12,NA
2021-07-07,Probable Deaths,1,NA
2021-07-07,Total Deaths,13,11.714285714285714
2021-07-07,Reported Deaths,29,8.571428571428571
2021-07-08,Confirmed Deaths,13,NA
2021-07-08,Probable Deaths,4,NA
2021-07-08,Total Deaths,17,11.857142857142858
2021-07-08,Reported Deaths,7,8.857142857142858
2021-07-09,Confirmed Deaths,15,NA
2021-07-09,Probable Deaths,4,NA
2021-07-09,Total Deaths,19,13.428571428571429
2021-07-09,Reported Deaths,9,8
2021-07-10,Confirmed Deaths,11,NA
2021-07-10,Probable Deaths,2,NA
2021-07-10,Total Deaths,13,14.428571428571429
2021-07-10,Reported Deaths,7,7.714285714285714
2021-07-11,Confirmed Deaths,18,NA
2021-07-11,Probable Deaths,3,NA
2021-07-11,Total Deaths,21,15.428571428571429
2021-07-11,Reported Deaths,0,7.571428571428571
2021-07-12,Confirmed Deaths,19,NA
2021-07-12,Probable Deaths,5,NA
2021-07-12,Total Deaths,24,16.857142857142858
2021-07-12,Reported Deaths,1,7.714285714285714
2021-07-13,Confirmed Deaths,14,NA
2021-07-13,Probable Deaths,4,NA
2021-07-13,Total Deaths,18,17.857142857142858
2021-07-13,Reported Deaths,51,14.857142857142858
2021-07-14,Confirmed Deaths,22,NA
2021-07-14,Probable Deaths,3,NA
2021-07-14,Total Deaths,25,19.571428571428573
2021-07-14,Reported Deaths,15,12.857142857142858
2021-07-15,Confirmed Deaths,17,NA
2021-07-15,Probable Deaths,4,NA
2021-07-15,Total Deaths,21,20.142857142857142
2021-07-15,Reported Deaths,12,13.571428571428571
2021-07-16,Confirmed Deaths,20,NA
2021-07-16,Probable Deaths,8,NA
2021-07-16,Total Deaths,28,21.428571428571427
2021-07-16,Reported Deaths,8,13.428571428571429
2021-07-17,Confirmed Deaths,27,NA
2021-07-17,Probable Deaths,5,NA
2021-07-17,Total Deaths,32,24.142857142857142
2021-07-17,Reported Deaths,8,13.571428571428571
2021-07-18,Confirmed Deaths,24,NA
2021-07-18,Probable Deaths,5,NA
2021-07-18,Total Deaths,29,25.285714285714285
2021-07-18,Reported Deaths,0,13.571428571428571
2021-07-19,Confirmed Deaths,18,NA
2021-07-19,Probable Deaths,5,NA
2021-07-19,Total Deaths,23,25.142857142857142
2021-07-19,Reported Deaths,5,14.142857142857142
2021-07-20,Confirmed Deaths,17,NA
2021-07-20,Probable Deaths,3,NA
2021-07-20,Total Deaths,20,25.428571428571427
2021-07-20,Reported Deaths,37,12.142857142857142
2021-07-21,Confirmed Deaths,22,NA
2021-07-21,Probable Deaths,2,NA
2021-07-21,Total Deaths,24,25.285714285714285
2021-07-21,Reported Deaths,11,11.571428571428571
2021-07-22,Confirmed Deaths,18,NA
2021-07-22,Probable Deaths,8,NA
2021-07-22,Total Deaths,26,26
2021-07-22,Reported Deaths,15,12
2021-07-23,Confirmed Deaths,33,NA
2021-07-23,Probable Deaths,4,NA
2021-07-23,Total Deaths,37,27.285714285714285
2021-07-23,Reported Deaths,14,12.857142857142858
2021-07-24,Confirmed Deaths,27,NA
2021-07-24,Probable Deaths,5,NA
2021-07-24,Total Deaths,32,27.285714285714285
2021-07-24,Reported Deaths,10,13.142857142857142
2021-07-25,Confirmed Deaths,18,NA
2021-07-25,Probable Deaths,7,NA
2021-07-25,Total Deaths,25,26.714285714285715
2021-07-25,Reported Deaths,0,13.142857142857142
2021-07-26,Confirmed Deaths,20,NA
2021-07-26,Probable Deaths,6,NA
2021-07-26,Total Deaths,26,27.142857142857142
2021-07-26,Reported Deaths,-9,11.142857142857142
2021-07-27,Confirmed Deaths,15,NA
2021-07-27,Probable Deaths,4,NA
2021-07-27,Total Deaths,19,27
2021-07-27,Reported Deaths,57,14
2021-07-28,Confirmed Deaths,23,NA
2021-07-28,Probable Deaths,11,NA
2021-07-28,Total Deaths,34,28.428571428571427
2021-07-28,Reported Deaths,25,16
2021-07-29,Confirmed Deaths,37,NA
2021-07-29,Probable Deaths,6,NA
2021-07-29,Total Deaths,43,30.857142857142858
2021-07-29,Reported Deaths,7,14.857142857142858
2021-07-30,Confirmed Deaths,35,NA
2021-07-30,Probable Deaths,8,NA
2021-07-30,Total Deaths,43,31.714285714285715
2021-07-30,Reported Deaths,11,14.428571428571429
2021-07-31,Confirmed Deaths,31,NA
2021-07-31,Probable Deaths,9,NA
2021-07-31,Total Deaths,40,32.857142857142854
2021-07-31,Reported Deaths,16,15.285714285714286
2021-08-01,Confirmed Deaths,27,NA
2021-08-01,Probable Deaths,6,NA
2021-08-01,Total Deaths,33,34
2021-08-01,Reported Deaths,3,15.714285714285714
2021-08-02,Confirmed Deaths,35,NA
2021-08-02,Probable Deaths,10,NA
2021-08-02,Total Deaths,45,36.714285714285715
2021-08-02,Reported Deaths,7,18
2021-08-03,Confirmed Deaths,35,NA
2021-08-03,Probable Deaths,7,NA
2021-08-03,Total Deaths,42,40
2021-08-03,Reported Deaths,83,21.714285714285715
2021-08-04,Confirmed Deaths,34,NA
2021-08-04,Probable Deaths,9,NA
2021-08-04,Total Deaths,43,41.285714285714285
2021-08-04,Reported Deaths,29,22.285714285714285
2021-08-05,Confirmed Deaths,36,NA
2021-08-05,Probable Deaths,6,NA
2021-08-05,Total Deaths,42,41.142857142857146
2021-08-05,Reported Deaths,27,25.142857142857142
2021-08-06,Confirmed Deaths,35,NA
2021-08-06,Probable Deaths,12,NA
2021-08-06,Total Deaths,47,41.714285714285715
2021-08-06,Reported Deaths,22,26.714285714285715
2021-08-07,Confirmed Deaths,34,NA
2021-08-07,Probable Deaths,17,NA
2021-08-07,Total Deaths,51,43.285714285714285
2021-08-07,Reported Deaths,9,25.714285714285715
2021-08-08,Confirmed Deaths,32,NA
2021-08-08,Probable Deaths,7,NA
2021-08-08,Total Deaths,39,44.142857142857146
2021-08-08,Reported Deaths,1,25.428571428571427
2021-08-09,Confirmed Deaths,44,NA
2021-08-09,Probable Deaths,4,NA
2021-08-09,Total Deaths,48,44.57142857142857
2021-08-09,Reported Deaths,5,25.142857142857142
2021-08-10,Confirmed Deaths,38,NA
2021-08-10,Probable Deaths,10,NA
2021-08-10,Total Deaths,48,45.42857142857143
2021-08-10,Reported Deaths,129,31.714285714285715
2021-08-11,Confirmed Deaths,34,NA
2021-08-11,Probable Deaths,11,NA
2021-08-11,Total Deaths,45,45.714285714285715
2021-08-11,Reported Deaths,17,30
2021-08-12,Confirmed Deaths,32,NA
2021-08-12,Probable Deaths,6,NA
2021-08-12,Total Deaths,38,45.142857142857146
2021-08-12,Reported Deaths,19,28.857142857142858
2021-08-13,Confirmed Deaths,33,NA
2021-08-13,Probable Deaths,12,NA
2021-08-13,Total Deaths,45,44.857142857142854
2021-08-13,Reported Deaths,14,27.714285714285715
2021-08-14,Confirmed Deaths,37,NA
2021-08-14,Probable Deaths,11,NA
2021-08-14,Total Deaths,48,44.42857142857143
2021-08-14,Reported Deaths,18,29
2021-08-15,Confirmed Deaths,38,NA
2021-08-15,Probable Deaths,11,NA
2021-08-15,Total Deaths,49,45.857142857142854
2021-08-15,Reported Deaths,1,29
2021-08-16,Confirmed Deaths,41,NA
2021-08-16,Probable Deaths,11,NA
2021-08-16,Total Deaths,52,46.42857142857143
2021-08-16,Reported Deaths,3,28.714285714285715
2021-08-17,Confirmed Deaths,39,NA
2021-08-17,Probable Deaths,9,NA
2021-08-17,Total Deaths,48,46.42857142857143
2021-08-17,Reported Deaths,110,26
2021-08-18,Confirmed Deaths,33,NA
2021-08-18,Probable Deaths,9,NA
2021-08-18,Total Deaths,42,46
2021-08-18,Reported Deaths,12,25.285714285714285
2021-08-19,Confirmed Deaths,30,NA
2021-08-19,Probable Deaths,14,NA
2021-08-19,Total Deaths,44,46.857142857142854
2021-08-19,Reported Deaths,13,24.428571428571427
2021-08-20,Confirmed Deaths,22,NA
2021-08-20,Probable Deaths,7,NA
2021-08-20,Total Deaths,29,44.57142857142857
2021-08-20,Reported Deaths,23,25.714285714285715
2021-08-21,Confirmed Deaths,30,NA
2021-08-21,Probable Deaths,10,NA
2021-08-21,Total Deaths,40,43.42857142857143
2021-08-21,Reported Deaths,22,26.285714285714285
2021-08-22,Confirmed Deaths,44,NA
2021-08-22,Probable Deaths,13,NA
2021-08-22,Total Deaths,57,44.57142857142857
2021-08-22,Reported Deaths,3,26.571428571428573
2021-08-23,Confirmed Deaths,34,NA
2021-08-23,Probable Deaths,12,NA
2021-08-23,Total Deaths,46,43.714285714285715
2021-08-23,Reported Deaths,5,26.857142857142858
2021-08-24,Confirmed Deaths,38,NA
2021-08-24,Probable Deaths,7,NA
2021-08-24,Total Deaths,45,43.285714285714285
2021-08-24,Reported Deaths,157,33.57142857142857
2021-08-25,Confirmed Deaths,35,NA
2021-08-25,Probable Deaths,9,NA
2021-08-25,Total Deaths,44,43.57142857142857
2021-08-25,Reported Deaths,24,35.285714285714285
2021-08-26,Confirmed Deaths,37,NA
2021-08-26,Probable Deaths,5,NA
2021-08-26,Total Deaths,42,43.285714285714285
2021-08-26,Reported Deaths,15,35.57142857142857
2021-08-27,Confirmed Deaths,35,NA
2021-08-27,Probable Deaths,8,NA
2021-08-27,Total Deaths,43,45.285714285714285
2021-08-27,Reported Deaths,29,36.42857142857143
2021-08-28,Confirmed Deaths,35,NA
2021-08-28,Probable Deaths,4,NA
2021-08-28,Total Deaths,39,45.142857142857146
2021-08-28,Reported Deaths,13,35.142857142857146
2021-08-29,Confirmed Deaths,46,NA
2021-08-29,Probable Deaths,13,NA
2021-08-29,Total Deaths,59,45.42857142857143
2021-08-29,Reported Deaths,5,35.42857142857143
2021-08-30,Confirmed Deaths,22,NA
2021-08-30,Probable Deaths,9,NA
2021-08-30,Total Deaths,31,43.285714285714285
2021-08-30,Reported Deaths,10,36.142857142857146
2021-08-31,Confirmed Deaths,32,NA
2021-08-31,Probable Deaths,6,NA
2021-08-31,Total Deaths,38,42.285714285714285
2021-08-31,Reported Deaths,133,32.714285714285715
2021-09-01,Confirmed Deaths,28,NA
2021-09-01,Probable Deaths,12,NA
2021-09-01,Total Deaths,40,41.714285714285715
2021-09-01,Reported Deaths,35,34.285714285714285
2021-09-02,Confirmed Deaths,28,NA
2021-09-02,Probable Deaths,6,NA
2021-09-02,Total Deaths,34,40.57142857142857
2021-09-02,Reported Deaths,17,34.57142857142857
2021-09-03,Confirmed Deaths,33,NA
2021-09-03,Probable Deaths,6,NA
2021-09-03,Total Deaths,39,40
2021-09-03,Reported Deaths,20,33.285714285714285
2021-09-04,Confirmed Deaths,27,NA
2021-09-04,Probable Deaths,7,NA
2021-09-04,Total Deaths,34,39.285714285714285
2021-09-04,Reported Deaths,5,32.142857142857146
2021-09-05,Confirmed Deaths,28,NA
2021-09-05,Probable Deaths,2,NA
2021-09-05,Total Deaths,30,35.142857142857146
2021-09-05,Reported Deaths,8,32.57142857142857
2021-09-06,Confirmed Deaths,22,NA
2021-09-06,Probable Deaths,7,NA
2021-09-06,Total Deaths,29,34.857142857142854
2021-09-06,Reported Deaths,2,31.428571428571427
2021-09-07,Confirmed Deaths,27,NA
2021-09-07,Probable Deaths,7,NA
2021-09-07,Total Deaths,34,34.285714285714285
2021-09-07,Reported Deaths,11,14
2021-09-08,Confirmed Deaths,35,NA
2021-09-08,Probable Deaths,3,NA
2021-09-08,Total Deaths,38,34
2021-09-08,Reported Deaths,134,28.142857142857142
2021-09-09,Confirmed Deaths,27,NA
2021-09-09,Probable Deaths,8,NA
2021-09-09,Total Deaths,35,34.142857142857146
2021-09-09,Reported Deaths,29,29.857142857142858
2021-09-10,Confirmed Deaths,24,NA
2021-09-10,Probable Deaths,4,NA
2021-09-10,Total Deaths,28,32.57142857142857
2021-09-10,Reported Deaths,24,30.428571428571427
2021-09-11,Confirmed Deaths,17,NA
2021-09-11,Probable Deaths,7,NA
2021-09-11,Total Deaths,24,31.142857142857142
2021-09-11,Reported Deaths,14,31.714285714285715
2021-09-12,Confirmed Deaths,27,NA
2021-09-12,Probable Deaths,9,NA
2021-09-12,Total Deaths,36,32
2021-09-12,Reported Deaths,3,31
2021-09-13,Confirmed Deaths,25,NA
2021-09-13,Probable Deaths,7,NA
2021-09-13,Total Deaths,32,32.42857142857143
2021-09-13,Reported Deaths,1,30.857142857142858
2021-09-14,Confirmed Deaths,25,NA
2021-09-14,Probable Deaths,13,NA
2021-09-14,Total Deaths,38,33
2021-09-14,Reported Deaths,116,45.857142857142854
2021-09-15,Confirmed Deaths,25,NA
2021-09-15,Probable Deaths,6,NA
2021-09-15,Total Deaths,31,32
2021-09-15,Reported Deaths,20,29.571428571428573
2021-09-16,Confirmed Deaths,30,NA
2021-09-16,Probable Deaths,13,NA
2021-09-16,Total Deaths,43,33.142857142857146
2021-09-16,Reported Deaths,20,28.285714285714285
2021-09-17,Confirmed Deaths,24,NA
2021-09-17,Probable Deaths,3,NA
2021-09-17,Total Deaths,27,33
2021-09-17,Reported Deaths,20,27.714285714285715
2021-09-18,Confirmed Deaths,30,NA
2021-09-18,Probable Deaths,3,NA
2021-09-18,Total Deaths,33,34.285714285714285
2021-09-18,Reported Deaths,15,27.857142857142858
2021-09-19,Confirmed Deaths,27,NA
2021-09-19,Probable Deaths,2,NA
2021-09-19,Total Deaths,29,33.285714285714285
2021-09-19,Reported Deaths,1,27.571428571428573
2021-09-20,Confirmed Deaths,19,NA
2021-09-20,Probable Deaths,4,NA
2021-09-20,Total Deaths,23,32
2021-09-20,Reported Deaths,2,27.714285714285715
2021-09-21,Confirmed Deaths,24,NA
2021-09-21,Probable Deaths,2,NA
2021-09-21,Total Deaths,26,30.285714285714285
2021-09-21,Reported Deaths,187,37.857142857142854
2021-09-22,Confirmed Deaths,24,NA
2021-09-22,Probable Deaths,11,NA
2021-09-22,Total Deaths,35,30.857142857142858
2021-09-22,Reported Deaths,16,37.285714285714285
2021-09-23,Confirmed Deaths,24,NA
2021-09-23,Probable Deaths,2,NA
2021-09-23,Total Deaths,26,28.428571428571427
2021-09-23,Reported Deaths,28,38.42857142857143
2021-09-24,Confirmed Deaths,29,NA
2021-09-24,Probable Deaths,7,NA
2021-09-24,Total Deaths,36,29.714285714285715
2021-09-24,Reported Deaths,11,37.142857142857146
2021-09-25,Confirmed Deaths,19,NA
2021-09-25,Probable Deaths,6,NA
2021-09-25,Total Deaths,25,28.571428571428573
2021-09-25,Reported Deaths,17,37.42857142857143
2021-09-26,Confirmed Deaths,25,NA
2021-09-26,Probable Deaths,3,NA
2021-09-26,Total Deaths,28,28.428571428571427
2021-09-26,Reported Deaths,3,37.714285714285715
2021-09-27,Confirmed Deaths,21,NA
2021-09-27,Probable Deaths,6,NA
2021-09-27,Total Deaths,27,29
2021-09-27,Reported Deaths,2,37.714285714285715
2021-09-28,Confirmed Deaths,22,NA
2021-09-28,Probable Deaths,6,NA
2021-09-28,Total Deaths,28,29.285714285714285
2021-09-28,Reported Deaths,124,28.714285714285715
2021-09-29,Confirmed Deaths,34,NA
2021-09-29,Probable Deaths,9,NA
2021-09-29,Total Deaths,43,30.428571428571427
2021-09-29,Reported Deaths,23,29.714285714285715
2021-09-30,Confirmed Deaths,21,NA
2021-09-30,Probable Deaths,6,NA
2021-09-30,Total Deaths,27,30.571428571428573
2021-09-30,Reported Deaths,13,27.571428571428573
2021-10-01,Confirmed Deaths,21,NA
2021-10-01,Probable Deaths,5,NA
2021-10-01,Total Deaths,26,29.142857142857142
2021-10-01,Reported Deaths,24,29.428571428571427
2021-10-02,Confirmed Deaths,15,NA
2021-10-02,Probable Deaths,3,NA
2021-10-02,Total Deaths,18,28.142857142857142
2021-10-02,Reported Deaths,8,28.142857142857142
2021-10-03,Confirmed Deaths,18,NA
2021-10-03,Probable Deaths,5,NA
2021-10-03,Total Deaths,23,27.428571428571427
2021-10-03,Reported Deaths,4,28.285714285714285
2021-10-04,Confirmed Deaths,22,NA
2021-10-04,Probable Deaths,3,NA
2021-10-04,Total Deaths,25,27.142857142857142
2021-10-04,Reported Deaths,5,28.714285714285715
2021-10-05,Confirmed Deaths,19,NA
2021-10-05,Probable Deaths,5,NA
2021-10-05,Total Deaths,24,26.571428571428573
2021-10-05,Reported Deaths,121,28.285714285714285
2021-10-06,Confirmed Deaths,19,NA
2021-10-06,Probable Deaths,2,NA
2021-10-06,Total Deaths,21,23.428571428571427
2021-10-06,Reported Deaths,28,29
2021-10-07,Confirmed Deaths,18,NA
2021-10-07,Probable Deaths,5,NA
2021-10-07,Total Deaths,23,22.857142857142858
2021-10-07,Reported Deaths,10,28.571428571428573
2021-10-08,Confirmed Deaths,10,NA
2021-10-08,Probable Deaths,4,NA
2021-10-08,Total Deaths,14,21.142857142857142
2021-10-08,Reported Deaths,4,25.714285714285715
2021-10-09,Confirmed Deaths,13,NA
2021-10-09,Probable Deaths,10,NA
2021-10-09,Total Deaths,23,21.857142857142858
2021-10-09,Reported Deaths,4,25.142857142857142
2021-10-10,Confirmed Deaths,17,NA
2021-10-10,Probable Deaths,4,NA
2021-10-10,Total Deaths,21,21.571428571428573
2021-10-10,Reported Deaths,1,24.714285714285715
2021-10-11,Confirmed Deaths,23,NA
2021-10-11,Probable Deaths,5,NA
2021-10-11,Total Deaths,28,22
2021-10-11,Reported Deaths,7,25
2021-10-12,Confirmed Deaths,15,NA
2021-10-12,Probable Deaths,5,NA
2021-10-12,Total Deaths,20,21.428571428571427
2021-10-12,Reported Deaths,4,8.285714285714286
2021-10-13,Confirmed Deaths,17,NA
2021-10-13,Probable Deaths,4,NA
2021-10-13,Total Deaths,21,21.428571428571427
2021-10-13,Reported Deaths,99,18.428571428571427
2021-10-14,Confirmed Deaths,10,NA
2021-10-14,Probable Deaths,2,NA
2021-10-14,Total Deaths,12,19.857142857142858
2021-10-14,Reported Deaths,33,21.714285714285715
2021-10-15,Confirmed Deaths,13,NA
2021-10-15,Probable Deaths,3,NA
2021-10-15,Total Deaths,16,20.142857142857142
2021-10-15,Reported Deaths,7,22.142857142857142
2021-10-16,Confirmed Deaths,23,NA
2021-10-16,Probable Deaths,3,NA
2021-10-16,Total Deaths,26,20.571428571428573
2021-10-16,Reported Deaths,6,22.428571428571427
2021-10-17,Confirmed Deaths,13,NA
2021-10-17,Probable Deaths,3,NA
2021-10-17,Total Deaths,16,19.857142857142858
2021-10-17,Reported Deaths,2,22.571428571428573
2021-10-18,Confirmed Deaths,11,NA
2021-10-18,Probable Deaths,3,NA
2021-10-18,Total Deaths,14,17.857142857142858
2021-10-18,Reported Deaths,1,21.714285714285715
2021-10-19,Confirmed Deaths,14,NA
2021-10-19,Probable Deaths,2,NA
2021-10-19,Total Deaths,16,17.285714285714285
2021-10-19,Reported Deaths,68,30.857142857142858
2021-10-20,Confirmed Deaths,20,NA
2021-10-20,Probable Deaths,3,NA
2021-10-20,Total Deaths,23,17.571428571428573
2021-10-20,Reported Deaths,23,20
2021-10-21,Confirmed Deaths,11,NA
2021-10-21,Probable Deaths,3,NA
2021-10-21,Total Deaths,14,17.857142857142858
2021-10-21,Reported Deaths,7,16.285714285714285
2021-10-22,Confirmed Deaths,14,NA
2021-10-22,Probable Deaths,0,NA
2021-10-22,Total Deaths,14,17.571428571428573
2021-10-22,Reported Deaths,10,16.714285714285715
2021-10-23,Confirmed Deaths,11,NA
2021-10-23,Probable Deaths,0,NA
2021-10-23,Total Deaths,11,15.428571428571429
2021-10-23,Reported Deaths,4,16.428571428571427
2021-10-24,Confirmed Deaths,15,NA
2021-10-24,Probable Deaths,2,NA
2021-10-24,Total Deaths,17,15.571428571428571
2021-10-24,Reported Deaths,0,16.142857142857142
2021-10-25,Confirmed Deaths,11,NA
2021-10-25,Probable Deaths,4,NA
2021-10-25,Total Deaths,15,15.714285714285714
2021-10-25,Reported Deaths,1,16.142857142857142
2021-10-26,Confirmed Deaths,8,NA
2021-10-26,Probable Deaths,1,NA
2021-10-26,Total Deaths,9,14.714285714285714
2021-10-26,Reported Deaths,52,13.857142857142858
2021-10-27,Confirmed Deaths,15,NA
2021-10-27,Probable Deaths,2,NA
2021-10-27,Total Deaths,17,13.857142857142858
2021-10-27,Reported Deaths,22,13.714285714285714
2021-10-28,Confirmed Deaths,19,NA
2021-10-28,Probable Deaths,3,NA
2021-10-28,Total Deaths,22,15
2021-10-28,Reported Deaths,9,14
2021-10-29,Confirmed Deaths,13,NA
2021-10-29,Probable Deaths,2,NA
2021-10-29,Total Deaths,15,15.142857142857142
2021-10-29,Reported Deaths,12,14.285714285714286
2021-10-30,Confirmed Deaths,9,NA
2021-10-30,Probable Deaths,4,NA
2021-10-30,Total Deaths,13,15.428571428571429
2021-10-30,Reported Deaths,6,14.571428571428571
2021-10-31,Confirmed Deaths,11,NA
2021-10-31,Probable Deaths,2,NA
2021-10-31,Total Deaths,13,14.857142857142858
2021-10-31,Reported Deaths,3,15
2021-11-01,Confirmed Deaths,10,NA
2021-11-01,Probable Deaths,2,NA
2021-11-01,Total Deaths,12,14.428571428571429
2021-11-01,Reported Deaths,2,15.142857142857142
2021-11-02,Confirmed Deaths,6,NA
2021-11-02,Probable Deaths,4,NA
2021-11-02,Total Deaths,10,14.571428571428571
2021-11-02,Reported Deaths,125,25.571428571428573
2021-11-03,Confirmed Deaths,20,NA
2021-11-03,Probable Deaths,3,NA
2021-11-03,Total Deaths,23,15.428571428571429
2021-11-03,Reported Deaths,8,23.571428571428573
2021-11-04,Confirmed Deaths,14,NA
2021-11-04,Probable Deaths,2,NA
2021-11-04,Total Deaths,16,14.571428571428571
2021-11-04,Reported Deaths,4,22.857142857142858
2021-11-05,Confirmed Deaths,6,NA
2021-11-05,Probable Deaths,5,NA
2021-11-05,Total Deaths,11,14
2021-11-05,Reported Deaths,10,22.571428571428573
2021-11-06,Confirmed Deaths,8,NA
2021-11-06,Probable Deaths,2,NA
2021-11-06,Total Deaths,10,13.571428571428571
2021-11-06,Reported Deaths,6,22.571428571428573
2021-11-07,Confirmed Deaths,3,NA
2021-11-07,Probable Deaths,1,NA
2021-11-07,Total Deaths,4,12.285714285714286
2021-11-07,Reported Deaths,0,22.142857142857142
2021-11-08,Confirmed Deaths,4,NA
2021-11-08,Probable Deaths,3,NA
2021-11-08,Total Deaths,7,11.571428571428571
2021-11-08,Reported Deaths,0,21.857142857142858
2021-11-09,Confirmed Deaths,10,NA
2021-11-09,Probable Deaths,2,NA
2021-11-09,Total Deaths,12,11.857142857142858
2021-11-09,Reported Deaths,84,16
2021-11-10,Confirmed Deaths,10,NA
2021-11-10,Probable Deaths,3,NA
2021-11-10,Total Deaths,13,10.428571428571429
2021-11-10,Reported Deaths,40,20.571428571428573
2021-11-11,Confirmed Deaths,12,NA
2021-11-11,Probable Deaths,4,NA
2021-11-11,Total Deaths,16,10.428571428571429
2021-11-11,Reported Deaths,0,20
2021-11-12,Confirmed Deaths,9,NA
2021-11-12,Probable Deaths,1,NA
2021-11-12,Total Deaths,10,10.285714285714286
2021-11-12,Reported Deaths,7,19.571428571428573
2021-11-13,Confirmed Deaths,9,NA
2021-11-13,Probable Deaths,2,NA
2021-11-13,Total Deaths,11,10.428571428571429
2021-11-13,Reported Deaths,7,19.714285714285715
2021-11-14,Confirmed Deaths,10,NA
2021-11-14,Probable Deaths,0,NA
2021-11-14,Total Deaths,10,11.285714285714286
2021-11-14,Reported Deaths,1,19.857142857142858
2021-11-15,Confirmed Deaths,12,NA
2021-11-15,Probable Deaths,5,NA
2021-11-15,Total Deaths,17,12.714285714285714
2021-11-15,Reported Deaths,1,20
2021-11-16,Confirmed Deaths,8,NA
2021-11-16,Probable Deaths,2,NA
2021-11-16,Total Deaths,10,12.428571428571429
2021-11-16,Reported Deaths,58,16.285714285714285
2021-11-17,Confirmed Deaths,11,NA
2021-11-17,Probable Deaths,0,NA
2021-11-17,Total Deaths,11,12.142857142857142
2021-11-17,Reported Deaths,5,11.285714285714286
2021-11-18,Confirmed Deaths,9,NA
2021-11-18,Probable Deaths,1,NA
2021-11-18,Total Deaths,10,11.285714285714286
2021-11-18,Reported Deaths,2185,323.42857142857144
2021-11-19,Confirmed Deaths,12,NA
2021-11-19,Probable Deaths,1,NA
2021-11-19,Total Deaths,13,11.714285714285714
2021-11-19,Reported Deaths,85,334.57142857142856
2021-11-20,Confirmed Deaths,3,NA
2021-11-20,Probable Deaths,0,NA
2021-11-20,Total Deaths,3,10.571428571428571
2021-11-20,Reported Deaths,6,334.42857142857144
2021-11-21,Confirmed Deaths,7,NA
2021-11-21,Probable Deaths,1,NA
2021-11-21,Total Deaths,8,10.285714285714286
2021-11-21,Reported Deaths,2,334.57142857142856
2021-11-22,Confirmed Deaths,11,NA
2021-11-22,Probable Deaths,2,NA
2021-11-22,Total Deaths,13,9.714285714285714
2021-11-22,Reported Deaths,-69,324.57142857142856
2021-11-23,Confirmed Deaths,6,NA
2021-11-23,Probable Deaths,1,NA
2021-11-23,Total Deaths,7,9.285714285714286
2021-11-23,Reported Deaths,86,328.57142857142856
2021-11-24,Confirmed Deaths,5,NA
2021-11-24,Probable Deaths,0,NA
2021-11-24,Total Deaths,5,8.428571428571429
2021-11-24,Reported Deaths,16,330.14285714285717
2021-11-25,Confirmed Deaths,1,NA
2021-11-25,Probable Deaths,1,NA
2021-11-25,Total Deaths,2,7.285714285714286
2021-11-25,Reported Deaths,0,18
2021-11-26,Confirmed Deaths,4,NA
2021-11-26,Probable Deaths,0,NA
2021-11-26,Total Deaths,4,6
2021-11-26,Reported Deaths,0,5.857142857142857
2021-11-27,Confirmed Deaths,5,NA
2021-11-27,Probable Deaths,0,NA
2021-11-27,Total Deaths,5,6.285714285714286
2021-11-27,Reported Deaths,3,5.428571428571429
2021-11-28,Confirmed Deaths,5,NA
2021-11-28,Probable Deaths,2,NA
2021-11-28,Total Deaths,7,6.142857142857143
2021-11-28,Reported Deaths,1,5.285714285714286
2021-11-29,Confirmed Deaths,6,NA
2021-11-29,Probable Deaths,0,NA
2021-11-29,Total Deaths,6,5.142857142857143
2021-11-29,Reported Deaths,8,16.285714285714285
2021-11-30,Confirmed Deaths,7,NA
2021-11-30,Probable Deaths,0,NA
2021-11-30,Total Deaths,7,5.142857142857143
2021-11-30,Reported Deaths,75,14.714285714285714
2021-12-01,Confirmed Deaths,2,NA
2021-12-01,Probable Deaths,2,NA
2021-12-01,Total Deaths,4,5
2021-12-01,Reported Deaths,8,13.571428571428571
2021-12-02,Confirmed Deaths,2,NA
2021-12-02,Probable Deaths,0,NA
2021-12-02,Total Deaths,2,5
2021-12-02,Reported Deaths,13,15.428571428571429
2021-12-03,Confirmed Deaths,5,NA
2021-12-03,Probable Deaths,0,NA
2021-12-03,Total Deaths,5,5.142857142857143
2021-12-03,Reported Deaths,2,15.714285714285714
2021-12-04,Confirmed Deaths,1,NA
2021-12-04,Probable Deaths,0,NA
2021-12-04,Total Deaths,1,4.571428571428571
2021-12-04,Reported Deaths,14,17.285714285714285
2021-12-05,Confirmed Deaths,1,NA
2021-12-05,Probable Deaths,0,NA
2021-12-05,Total Deaths,1,3.7142857142857144
2021-12-05,Reported Deaths,1,17.285714285714285
2021-12-06,Confirmed Deaths,6,NA
2021-12-06,Probable Deaths,0,NA
2021-12-06,Total Deaths,6,3.7142857142857144
2021-12-06,Reported Deaths,2,16.428571428571427
2021-12-07,Confirmed Deaths,2,NA
2021-12-07,Probable Deaths,0,NA
2021-12-07,Total Deaths,2,3
2021-12-07,Reported Deaths,80,17.142857142857142
2021-12-08,Confirmed Deaths,6,NA
2021-12-08,Probable Deaths,0,NA
2021-12-08,Total Deaths,6,3.2857142857142856
2021-12-08,Reported Deaths,14,18
2021-12-09,Confirmed Deaths,0,NA
2021-12-09,Probable Deaths,0,NA
2021-12-09,Total Deaths,0,3
2021-12-09,Reported Deaths,21,19.142857142857142
